------------------------INSERCIONES DE LA FICHA DEL DERECHO HABIENTE

--VINCULO FAMILIA
GO
INSERT INTO vinculofamiliares(id, codigo, descripcion, descripcionabreviado) VALUES
('ARCHICEN000000000001', '02', 'CÓNYUGE', 'CÓNYUGE'),
('ARCHICEN000000000002', '03', 'CONCUBINA(O)', 'CONCUBINA(O)'),
('ARCHICEN000000000003', '04', 'GESTANTE', 'GESTANTE'),
('ARCHICEN000000000004', '05', 'HIJO MENOR DE EDAD', 'HIJO MENOR DE EDAD'),
('ARCHICEN000000000005', '06', 'HIJO MAYOR DE EDAD INCAPACITADO PERMANENTE', 'HIJO MAYOR EDAD INCAP PERM');

--TIPO BAJA

--TIPO DE DOCUMENTO QUE ACREDITA LA PATERNIDAD
GO
INSERT INTO tipodocumentoacreditas(id, codigo, descripcion, descripcionabreviado, vinculofamiliar_id) VALUES
('ARCHICEN000000000001','01','Acta/Partida Matrimonio Civil', 'Acta/Partida Matrimonio Civil','ARCHICEN000000000001'),
('ARCHICEN000000000002','01','Acta/Partida Matrimonio Inscrito en Registro Consular Peruano', 'Acta/Partida Matrimonio Insc. Registro Consular Peruano','ARCHICEN000000000001'),
('ARCHICEN000000000003','01','Acta/Partida Matrimonio Realizado en el Exterior', 'Acta/Partida Matrimonio Realizado en el Exterior','ARCHICEN000000000001'),

('ARCHICEN000000000004','02','Escritura Pública de Reconocimiento de la Unión de Hecho Ley N.° 29560', 'Escritura Pública de Recon. Unión Hecho Ley 29560','ARCHICEN000000000002'),
('ARCHICEN000000000005','02','Resolución Judicial de Reconocimiento de la Unión de Hecho', 'Res. Judicial de Reconocimiento Unión Hecho','ARCHICEN000000000002'),


('ARCHICEN000000000006','03','Escritura Pública', 'Escritura Pública','ARCHICEN000000000003'),
('ARCHICEN000000000007','03','Testamento', 'Testamento','ARCHICEN000000000003'),
('ARCHICEN000000000008','03','Sentencia de declaratoria de paternidad', 'Sentencia Declaratoria de Paternidad','ARCHICEN000000000003'),

('ARCHICEN000000000009','04','Acta Nac/Doc Análogo Sust Filiación', 'Acta Nac/Doc Análogo Sust Filiación','ARCHICEN000000000004'),

('ARCHICEN000000000010','05','Resolución de Incapacidad', 'Resolución de Incapacidad','ARCHICEN000000000005');



GO 
INSERT INTO tipobajas (id, codigo, descripcion, descripcionabreviado) VALUES
('ARCHICEN000000000001', '02',	'FALLECIMIENTO', 'FALLECIMIENTO'),
('ARCHICEN000000000002', '03',	'OTROS MOTIVOS NO PREVISTOS', 'OTROS MOTIVOS NO PREVISTOS'),
('ARCHICEN000000000003', '04',	'DIVORCIO O DISOLUCIÓN DE VÍNCULO MATRIMONIAL', 'DIVORCIO O DISOL. DE VÍNC MATRIM.'),
('ARCHICEN000000000004', '05',	'FIN DE CONCUBINATO', 'FIN DE CONCUBINATO'),
('ARCHICEN000000000005', '06',	'FIN DE LA GESTACIÓN', 'FIN DE LA GESTACIÓN'),
('ARCHICEN000000000006', '07',	'HIJO ADQUIERE MAYORÍA DE EDAD', 'HIJO ADQUIERE MAYORÍA DE EDAD'),
('ARCHICEN000000000007', '08',	'ERROR EN EL REGISTRO', 'ERROR EN EL REGISTRO'),
('ARCHICEN000000000008', '09',	'DERECHOHABIENTE ADQUIERE CONDICIÓN DE ASEGURADO REGULAR', 'DH ADQUIERE CONDIC DE ASEG REGULAR');