-------------------------------------------------------INSERCIONES DE LA FICHA DEL PERSONAL----------------------------------------------------------------------------------------

--TIPO DE DOCUMENTO
GO
INSERT INTO tipodocumentos (id, identificador, descripcion, descripcionabreviado) VALUES
('PRMAECEN000000000001','1','Documento Nacional de Identidad', 'DNI'),
('PRMAECEN000000000002','2','Carnet de Extranjería', 'Carnet Ext'),
('PRMAECEN000000000003','3','Reg. Único De Contributentes (1)', 'RUC'),
('PRMAECEN000000000004','4','Pasaporte', 'Pasaporte'),
('PRMAECEN000000000005','5','Carnet De Solicit De Refugio', 'Carnet Solic refugio'),
('PRMAECEN000000000006','6','Partida De Nacimiento (2)', 'Part Nac');
GO

--TIPO DE ZONA  

INSERT INTO tipozonas (id, descripcion) VALUES
('PRMAECEN000000000001','URB. URBANIZACIÓN'),
('PRMAECEN000000000002','P.J. PUEBLO JOVEN'),
('PRMAECEN000000000003','U.V. UNIDAD VECINAL'),
('PRMAECEN000000000004','C.H. CONJUNTO HABITACIONAL'),
('PRMAECEN000000000005','A.H. ASENTAMIENTO HUMANO'),
('PRMAECEN000000000006','COO. COOPERATIVA'),
('PRMAECEN000000000007','RES. RESIDENCIAL'),
('PRMAECEN000000000008','Z.I. ZONA INDUSTRIAL'),
('PRMAECEN000000000009','GRU. GRUPO'),
('PRMAECEN000000000010','CAS. CASERÍO'),
('PRMAECEN000000000011','FND. FUNDO'),
('PRMAECEN000000000012','OTROS');

--TIPO DE VÍAS

GO
INSERT INTO tipovias (id,  tipo, tipozona_id) VALUES
('PRMAECEN000000000001','AVENIDA','PRMAECEN000000000001'),
('PRMAECEN000000000002','JIRÓN','PRMAECEN000000000001'),
('PRMAECEN000000000003','CALLE','PRMAECEN000000000001'),
('PRMAECEN000000000004','PASAJE','PRMAECEN000000000001'),
('PRMAECEN000000000005','ALAMEDA','PRMAECEN000000000001'),
('PRMAECEN000000000006','MALECÓN','PRMAECEN000000000001'),
('PRMAECEN000000000007','OVALO','PRMAECEN000000000001'),
('PRMAECEN000000000008','PARQUE','PRMAECEN000000000001'),
('PRMAECEN000000000009','PLAZA','PRMAECEN000000000001'),
('PRMAECEN000000000010','CARRETERA','PRMAECEN000000000001'),
('PRMAECEN000000000011','TROCHA','PRMAECEN000000000001'),
('PRMAECEN000000000012','CAMINO RURAL','PRMAECEN000000000001'),
('PRMAECEN000000000013','BAJADA','PRMAECEN000000000001'),
('PRMAECEN000000000014','GALERIA','PRMAECEN000000000001'),
('PRMAECEN000000000015','PROLONGACIÓN','PRMAECEN000000000001'),
('PRMAECEN000000000016','PASEO','PRMAECEN000000000001'),
('PRMAECEN000000000017','PLAZUELA','PRMAECEN000000000001'),
('PRMAECEN000000000018','PORTAL','PRMAECEN000000000001'),
('PRMAECEN000000000019','CAMINO AFIRMADO','PRMAECEN000000000001'),
('PRMAECEN000000000020','TROCHA CARROZABLE','PRMAECEN000000000001'),
('PRMAECEN000000000099','OTROS','PRMAECEN000000000001');


--MOTIVO DE BAJAS
GO
INSERT INTO motivobajas (id, codigo, descripcion, descripcionabreviada) VALUES
('PRMAECEN000000000001','1','RENUNCIA','RENUNCIA'),
('PRMAECEN000000000002','2','RENUNCIA CON INCENTIVOS','RENUNCIA CON INCENTIVOS'),
('PRMAECEN000000000003','3','DESPIDO O DESTITUCIÓN','DESPIDO O DESTITUCIÓN'),
('PRMAECEN000000000004','4','CESE COLECTIVO','CESE COLECTIVO'),
('PRMAECEN000000000005','5','JUBILACIÓN','JUBILACIÓN'),
('PRMAECEN000000000006','6','INVALIDEZ ABSOLUTA PERMANENTE','INVALIDEZ ABSOLUTA PERMANENTE'),
('PRMAECEN000000000007','7','TERMINACIÓN DE LA OBRA O SERVICIO, CUMPLIMIENTO CONDICIÓN RESOLUTORIA O VENCIMIENTO DEL PLAZO','TERMINACIÓN DE LA OBRA O SERVICIO, CUMPLIMIENTO CONDICIÓN RESOLUTORIA O VENCIMIENTO DEL PLAZO'),
('PRMAECEN000000000008','8','MUTUO DISENSO','MUTUO DISENSO'),
('PRMAECEN000000000009','9','FALLECIMIENTO','FALLECIMIENTO'),
('PRMAECEN000000000010','10','SUSPENSIÓN DE LA PENSIÓN (1)','SUSPENSIÓN DE LA PENSIÓN'),
('PRMAECEN000000000011','11','REASIGNACIÓN SERVIDOR DE LA ADMINISTRACIÓN PÚBLICA(2)','REASIGNACIÓN'),
('PRMAECEN000000000012','12','PERMUTA SERVIDOR DE LA ADMINISTRACIÓN PÚBLICA (2)','PERMUTA'),
('PRMAECEN000000000013','13','TRANSFERENCIA SERVIDOR DE LA ADMINISTRACIÓN PÚBLICA (2)','TRANSFERENCIA'),
('PRMAECEN000000000014','14','BAJA POR SUCESIÓN EN POSICIÓN DEL EMPLEADOR','BAJA POR SUC. EN POSIC DEL EMPLEADOR'),
('PRMAECEN000000000015','15','EXTINCIÓN O LIQUIDACIÓN DEL EMPLEADOR','EXTINCIÓN O LIQUID. DEL EMPLEADOR'),
('PRMAECEN000000000016','16','OTROS MOTIVOS DE CADUCIDAD DE LA PENSIÓN (1)','OTR MOTIV CADUC PENSIÓN'),
('PRMAECEN000000000017','17','NO SE INICIÓ LA RELACIÓN LABORAL O PRESTACIÓN EFECTIVA DE SERVICIOS','NO SE INICIÓ LA REL.  LABORAL O PREST. DE SERVICIOS'),
('PRMAECEN000000000018','18','LÍMITE DE EDAD 70 AÑOS','LÍMITE DE EDAD 70 AÑOS'),
('PRMAECEN000000000019','19','OTRAS CAUSALES RÉGIMEN PÚBLICO GENERAL SERVICIO CIVIL - LEY 30057','OTRAS CAUSALES - LEY 30057'),
('PRMAECEN000000000020','20','INHABILITACIÓN PARA EL EJERCICIO PROFESIONAL O DE LA FUNCIÓN PÚBLICA POR MÁS DE TRES MESES - LEY 30057','INHABILITAC. PARA EJERC. PROF. O FUNC. PÚB. POR MÁS DE 3 MESES - LEY 30057'),
('PRMAECEN000000000021','21','NINGUNO', 'NINGUNO'),
('PRMAECEN000000000099','99','SIN VÍNCULO LABORAL - HABILITADO PARA PDT PLAME','SVL -HABILITADO PARA PDT PLAME (3)');

GO

--NACIONALIDADES
GO
INSERT INTO nacionalidades (id,  codigo, nombre) VALUES
('PRMAECEN000000000001','9063','ARGENTINA'),
('PRMAECEN000000000002','9097',	'BOLIVIA'),
('PRMAECEN000000000003','9105',	'BRASIL'),
('PRMAECEN000000000026','9211','CHILE'),
('PRMAECEN000000000004','9169',	'COLOMBIA'),
('PRMAECEN000000000005','9196',	'COSTA RICA'),
('PRMAECEN000000000006','9199',	'CUBA'),
('PRMAECEN000000000007','9239',	'ECUADOR'),
('PRMAECEN000000000008','9242',	'EL SALVADOR'),
('PRMAECEN000000000009','9325', 'GUAYANA FRANCESA'),
('PRMAECEN000000000010','9297','GRANADA'),
('PRMAECEN000000000011','9317','GUATEMALA'),
('PRMAECEN000000000012','9337',	'GUYANA'),
('PRMAECEN000000000013','9341',	'HAITI'),
('PRMAECEN000000000014','9345',	'HONDURAS'),
('PRMAECEN000000000015','9391', 'JAMAICA'),
('PRMAECEN000000000016','9493',	'MEXICO'),
('PRMAECEN000000000017','9521',	'NICARAGUA'),
('PRMAECEN000000000018','9586',	'PARAGUAY'),
('PRMAECEN000000000019','9580',	'PANAMA'),
('PRMAECEN000000000020','9589',	'PERÚ'),
('PRMAECEN000000000021','9611',	'PUERTO RICO'),
('PRMAECEN000000000022','9647',	'REPUBLICA DOMINICANA'),
('PRMAECEN000000000023','9770',	'SURINAM'),
('PRMAECEN000000000024','9845',	'URUGUAY'),
('PRMAECEN000000000025','9850',	'VENEZUELA');
GO

--PAISES
GO
INSERT INTO paises (id,  codigo, nombre) VALUES
('PRMAECEN000000000001','9063','ARGENTINA'),
('PRMAECEN000000000002','9097',	'BOLIVIA'),
('PRMAECEN000000000003','9105',	'BRASIL'),
('PRMAECEN000000000026','9211','CHILE'),
('PRMAECEN000000000004','9169',	'COLOMBIA'),
('PRMAECEN000000000005','9196',	'COSTA RICA'),
('PRMAECEN000000000006','9199',	'CUBA'),
('PRMAECEN000000000007','9239',	'ECUADOR'),
('PRMAECEN000000000008','9242',	'EL SALVADOR'),
('PRMAECEN000000000009','9325', 'GUAYANA FRANCESA'),
('PRMAECEN000000000010','9297','GRANADA'),
('PRMAECEN000000000011','9317','GUATEMALA'),
('PRMAECEN000000000012','9337',	'GUYANA'),
('PRMAECEN000000000013','9341',	'HAITI'),
('PRMAECEN000000000014','9345',	'HONDURAS'),
('PRMAECEN000000000015','9391', 'JAMAICA'),
('PRMAECEN000000000016','9493',	'MEXICO'),
('PRMAECEN000000000017','9521',	'NICARAGUA'),
('PRMAECEN000000000018','9586',	'PARAGUAY'),
('PRMAECEN000000000019','9580',	'PANAMA'),
('PRMAECEN000000000020','9589',	'PERÚ'),
('PRMAECEN000000000021','9611',	'PUERTO RICO'),
('PRMAECEN000000000022','9647',	'REPUBLICA DOMINICANA'),
('PRMAECEN000000000023','9770',	'SURINAM'),
('PRMAECEN000000000024','9845',	'URUGUAY'),
('PRMAECEN000000000025','9850',	'VENEZUELA');
GO
--DEPARTAMENTOS

GO
INSERT INTO departamentos (id, nombre) VALUES
('PRMAECEN000000000001', 'Amazonas'),
('PRMAECEN000000000002', 'Ancash'),
('PRMAECEN000000000003', 'Apurimac'),
('PRMAECEN000000000004', 'Arequipa'),
('PRMAECEN000000000005', 'Ayacucho'),
('PRMAECEN000000000006', 'Cajamarca'),
('PRMAECEN000000000007', 'Callao'),
('PRMAECEN000000000008', 'Cusco'),
('PRMAECEN000000000009', 'Huancavelica'),
('PRMAECEN000000000010', 'Huanuco'),
('PRMAECEN000000000011', 'Ica'),
('PRMAECEN000000000012', 'Junin'),
('PRMAECEN000000000013', 'La Libertad'),
('PRMAECEN000000000014', 'Lambayeque'),
('PRMAECEN000000000015', 'Lima'),
('PRMAECEN000000000016', 'Loreto'),
('PRMAECEN000000000017', 'Madre De Dios'),
('PRMAECEN000000000018', 'Moquegua'),
('PRMAECEN000000000019', 'Pasco'),
('PRMAECEN000000000020', 'Piura'),
('PRMAECEN000000000021', 'Puno'),
('PRMAECEN000000000022', 'San Martin'),
('PRMAECEN000000000023', 'Tacna'),
('PRMAECEN000000000024', 'Tumbes'),
('PRMAECEN000000000025', 'Ucayali');
GO

--PROVINCIAS

INSERT INTO provincias (id, ubigeo, nombre, departamento_id) VALUES
('PRMAECEN000000000001', '1401','Chiclayo','PRMAECEN000000000014'),
('PRMAECEN000000000002', '1402', 'Ferreñafe','PRMAECEN000000000014'),
('PRMAECEN000000000003', '1403', 'Lambayeque','PRMAECEN000000000014'),
('PRMAECEN000000000004', '1501', 'Lima', 'PRMAECEN000000000015'),		
('PRMAECEN000000000005', '1502', 'Barranca', 'PRMAECEN000000000015'),		
('PRMAECEN000000000006', '1503', 'Cajatambo', 'PRMAECEN000000000015'),		
('PRMAECEN000000000007', '1504', 'Canta', 'PRMAECEN000000000015'),		
('PRMAECEN000000000008', '1505', 'Cañete', 'PRMAECEN000000000015'),		
('PRMAECEN000000000009', '1506', 'Huaral', 'PRMAECEN000000000015'),		
('PRMAECEN000000000010', '1507', 'Huarochirí', 'PRMAECEN000000000015'),		
('PRMAECEN000000000011', '1508', 'Huaura', 'PRMAECEN000000000015'),	
('PRMAECEN000000000012', '1509', 'Oyón', 'PRMAECEN000000000015'),		
('PRMAECEN000000000013', '1510', 'Yauyos', 'PRMAECEN000000000015');


--DISTRITOS
INSERT INTO distritos (id, nombre, provincia_id) VALUES
('PRMAECEN000000000001', 'CAYALTÍ', 'PRMAECEN000000000001'),
('PRMAECEN000000000002', 'CHICLAYO', 'PRMAECEN000000000001'),
('PRMAECEN000000000003', 'CHONGOYAPE', 'PRMAECEN000000000001'),
('PRMAECEN000000000004', 'ETEN', 'PRMAECEN000000000001'),
('PRMAECEN000000000005', 'JOSÉ LEONARDO ORTIZ', 'PRMAECEN000000000001'),
('PRMAECEN000000000006', 'LA VICTORIA', 'PRMAECEN000000000001'),
('PRMAECEN000000000007', 'LAGUNAS', 'PRMAECEN000000000001'),
('PRMAECEN000000000008', 'MONSEFÚ', 'PRMAECEN000000000001'),
('PRMAECEN000000000009', 'NUEVA ARICA', 'PRMAECEN000000000001'),
('PRMAECEN000000000010', 'OYOTÚN', 'PRMAECEN000000000001'),
('PRMAECEN000000000011', 'PÁTAPO', 'PRMAECEN000000000001'),
('PRMAECEN000000000012', 'PICSI', 'PRMAECEN000000000001'),
('PRMAECEN000000000013', 'PIMENTEL', 'PRMAECEN000000000001'),
('PRMAECEN000000000014', 'POMALCA', 'PRMAECEN000000000001'),
('PRMAECEN000000000015', 'PUCALÁ', 'PRMAECEN000000000001'),
('PRMAECEN000000000016', 'PUERTO ETEN', 'PRMAECEN000000000001'),
('PRMAECEN000000000017', 'REQUE', 'PRMAECEN000000000001'),
('PRMAECEN000000000018', 'SANTA ROSA', 'PRMAECEN000000000001'),
('PRMAECEN000000000019', 'TUMÁN', 'PRMAECEN000000000001'),
('PRMAECEN000000000020', 'ZAÑA', 'PRMAECEN000000000001'),
('PRMAECEN000000000021', 'PÍTIPO', 'PRMAECEN000000000002'),
('PRMAECEN000000000022', 'FERREÑAFE', 'PRMAECEN000000000002'),
('PRMAECEN000000000023', 'INCAHUASI', 'PRMAECEN000000000002'),
('PRMAECEN000000000024', 'KAÑARIS', 'PRMAECEN000000000002'),
('PRMAECEN000000000025', 'MANUEL ANTONIO MESONES MURO', 'PRMAECEN000000000002'),
('PRMAECEN000000000026', 'PUEBLO NUEVO', 'PRMAECEN000000000002'),
('PRMAECEN000000000027', 'CHOCHOPE', 'PRMAECEN000000000003'),
('PRMAECEN000000000028', 'ILLIMO', 'PRMAECEN000000000003'),
('PRMAECEN000000000029', 'JAYANCA', 'PRMAECEN000000000003'),
('PRMAECEN000000000030', 'LAMBAYEQUE', 'PRMAECEN000000000003'),
('PRMAECEN000000000031', 'MOCHUMÍ', 'PRMAECEN000000000003'),
('PRMAECEN000000000032', 'MÓRROPE', 'PRMAECEN000000000003'),
('PRMAECEN000000000033', 'MOTUPE', 'PRMAECEN000000000003'),
('PRMAECEN000000000034', 'OLMOS', 'PRMAECEN000000000003'),
('PRMAECEN000000000035', 'PACORA', 'PRMAECEN000000000003'),
('PRMAECEN000000000036', 'SALAS', 'PRMAECEN000000000003'),
('PRMAECEN000000000037', 'SAN JOSÉ', 'PRMAECEN000000000003'),
('PRMAECEN000000000038', 'TÚCUME', 'PRMAECEN000000000003');

--SEDES


GO
--TIPO DE TRABAJADORES

INSERT INTO tipotrabajadores (id, codigo, descripcion, descripcionabreviada, sectorprivado, sectorpublico, otrasentidades) VALUES
('PRMAECEN000000000001', '19', 'EJECUTIVO',	'EJECUTIVO', 'A', 'N.A','A'),
('PRMAECEN000000000002', '20', 'OBRERO', 'OBRERO', 'A', 'A' ,'A'),
('PRMAECEN000000000003', '21', 'EMPLEADO',	'EMPLEADO',	'A', 'N.A','A'),
('PRMAECEN000000000004', '22', 'TRABAJADOR PORTUARIO - LEY 27866',	'TRAB.PORTUARIO','A', 'N.A', 'A'),
('PRMAECEN000000000005', '23', 'PRACTICANTE SENATI - DEC. LEY 20151', 'PRACT. SENATI', 'A',	'N.A' ,'A'),
('PRMAECEN000000000006', '24', 'PENSIONISTA O CESANTE',	'PENSIONISTA O CESANTE', 'A', 'A' ,'A'),
('PRMAECEN000000000007', '25', 'BENEFICIARIO DE TRANSF DIRECTA EX PESCADPRES',	'BENEFICIARIO DE TDEP',	'NA', 'A','N.A'),
('PRMAECEN000000000008', '26', 'PENSIONISTA - LEY 28320', 'PENSIONISTA - LEY 28320', 'A', 'N.A', 'A'),
('PRMAECEN000000000009', '27', 'CONSTRUCCIÓN CIVIL', 'CONSTRUCCIÓN CIVIL', 'A', 'A', 'A'),
('PRMAECEN000000000010', '28', 'PILOTO Y COPILOTO DE AVIACIÓN COMERCIAL',	'PILOTO Y COPIL DE AVIA. COM.',	'A', 'N.A', 'A'),
('PRMAECEN000000000011', '29', 'MARÍTIMO, FLUVIAL O LACUSTRE',	'MARÍT, FLUVIAL O LACUSTRE', 'A', 'N.A'	,'A'),
('PRMAECEN000000000012', '30', 'PERIODISTA', 'PERIODISTA', 'A', 'N.A', 'A'),
('PRMAECEN000000000013', '31', 'TRABAJADOR DE LA INDUSTRIA DE CUERO',	'TRAB. DE LA IND. DE CUERO', 'A', 'N.A', 'A'),
('PRMAECEN000000000014', '32', 'MINERO DE MINA DE SOCAVÓN',	'MINERO DE SOCAVÓN', 'A', 'N.A', 'A'),
('PRMAECEN000000000015', '36', 'TRABAJADOR PESQUERO',  'TRABAJADOR PESQUERO', 'A', 'N.A', 'A'),
('PRMAECEN000000000016', '37', 'MINERO DE TAJO ABIERTO', 'MINERO DE TAJO ABIERTO', 'A', 'N.A', 'A'),
('PRMAECEN000000000017', '38', 'MINERO DE INDUSTRIA MINERA METALÚRGICA Y/O SIDERÚRGICA', 'MINERO IND. MINERA METAL. Y/O SIDERUR', 'A', 'N.A',	'A'),
('PRMAECEN000000000018', '39', 'TRABAJADOR PESQUERO – LEY 30003',	'TRAB. PESQUEROS – LEY 28320',	'A', 'N.A', 'A'),
('PRMAECEN000000000019', '56', 'ARTISTA -  LEY 28131',	'ARTISTA -  LEY 28131',	'A', 'N.A' ,'A'),
('PRMAECEN000000000020', '64', 'AGRARIO DEPENDIENTE - LEY 27360',	'AGRARIO DEPEND.- LEY 27360','A',	'A', 'A'),
('PRMAECEN000000000021', '65', 'TRABAJADOR ACTIVIDAD ACUÍCOLA - LEY 27460',	'TRAB. ACTIV.ACUÍCOLA LEY 27460',	'A', 'A', 'A'),
('PRMAECEN000000000022', '66', 'PESCADOR Y PROCESADOR ARTESANAL INDEPENDIENTE  - LEY 27177',  'PESC.Y PROC.ARTES.INDEP.',	'A',	'N.A'	,'N.A'),
('PRMAECEN000000000023', '67', 'REGIMEN  ESPECIAL D. LEG.1057 - CAS	REG.', 'ESPECIAL D. LEG.1057 - CAS',	'N.A',	'A'	,'A'),
('PRMAECEN000000000024', '71', 'CONDUCTOR DE MICROEMPRESA REMYPE - D.LEG.1086',	'CONDUCT MICROEMP.REMYPE D.L.1086',	'A', 'N.A',	'N.A'),
('PRMAECEN000000000025', '73', 'SOCIO DE COOPERATIVA AGRARIA – LEY N.° 29972',	'SOCIO COOPER. AGRAR. – LEY N.° 29972',	'A', 'N.A',	'N.A'),
('PRMAECEN000000000026', '82', 'FUNCIONARIO PÚBLICO',	'FUNCIONARIO PÚBLICO',	'NA', 'A', 'A'),
('PRMAECEN000000000027', '83', 'EMPLEADO DE CONFIANZA',	'EMPLEADO DE CONFIANZA', 'NA', 'A'	,'A'),
('PRMAECEN000000000028', '84', 'SERVIDOR PÚBLICO - DIRECTIVO  SUPERIOR', 'SERVIDOR PÚB - DIRECT SUPERIOR',	'N.A',	'A'	,'A'),
('PRMAECEN000000000029', '85', 'SERVIDOR PÚBLICO - EJECUTIVO', 'SERVIDOR PÚB - EJECUTIVO',	'N.A'	,'A' , 'A'),
('PRMAECEN000000000030', '86', 'SERVIDOR PÚBLICO - ESPECIALISTA', 'SERVIDOR PÚB - ESPECIALISTA',	'N.A',	'A'	,'A'),
('PRMAECEN000000000031', '87', 'SERVIDOR PÚBLICO - DE APOYO',	'SERVIDOR PÚB - DE APOYO',	'N.A',	'A', 'A'),
('PRMAECEN000000000032', '88', 'PERSONAL DE LA ADMIN. PÚBLICA - ASIGNACIÓN ESPECIAL - D.U. 126-2001', 'PERS ADM PÚB - ASIG ESP DU 126-2001','N.A',	'A'	,'N.A'),
('PRMAECEN000000000033', '89', 'PERSONAL DE LAS FUERZAS ARMADAS Y POLICIALES (1)',	'PERS DE LAS FFAA Y POLICIALES','N.A',	'A'	,'N.A'),
('PRMAECEN000000000034', '90', 'GERENTES PÚBLICOS  - D. LEG. 1024',	'GERENTES PÚB.  - D.LEG 1024',	'N.A',	'A'	,'A'),
('PRMAECEN000000000035', '91', 'MIIEMBROS DE OTROS REG. ESPECIALES DEL SECTOR PÚBLICO',	'MIIEMBROS DE OTROS REG. ESPEC S.PUBLICO',	'N.A',	'A'	,'A'),
('PRMAECEN000000000036', '92', 'FUNCIONARIO PUBLICO - LEY 30057',	'FUNCIONARIO PÚBLICO - LEY 30057',	'N.A',	'A', 'A'),
('PRMAECEN000000000037', '93', 'DIRECTIVO PÚBLICO - LEY 30057',	'DIRECTIVO PÚBLICO - LEY 30057', 'N.A','A','A'),
('PRMAECEN000000000038', '94', 'SERVIDOR CIVIL DE CARRERA - LEY 30057',	'SERVIDOR CIVIL DE CARRERA - LEY 30057',	'N.A',	'A'	,'A'),
('PRMAECEN000000000039', '95', 'SERVIDOR DE ACTIVIDADES COMPLEMENTARIAS - LEY 30057', 'SERVIDOR DE ACT. COMPLEM. - LEY 30057', 'N.A', 'A'	,'A'),
('PRMAECEN000000000040', '96', 'MAGISTERIO - LEY 29944', 'MAGISTERIO - LEY 29944', 'N.A', 'A', 'A'),
('PRMAECEN000000000041', '98', 'PERSONA QUE GENERA INGRESOS DE CUARTA - QUINTA CATEGORÍA',	'CUARTA - QUINTA CATEGORÍA','A', 'A', 'A');

--CATEGORÍA OCUPACIONAL
GO
INSERT INTO categoriacupacionals (id, codigo, descripcion, sectorprivado, sectorpublico, otrasentidades) VALUES
('PRMAECEN000000000001', '01', 'EJECUTIVO',	'A', 'N.A',	'A'),
('PRMAECEN000000000002', '02', 'OBRERO',	'A', 'N.A',	'A'),
('PRMAECEN000000000003', '03', 'EMPLEADO',	'A', 'N.A',	'A'),
('PRMAECEN000000000004', '11', 'FUNCIONARIO ',	'N.A',	'A', 'A'),
('PRMAECEN000000000005', '12', 'PROFESIONAL', 'N.A', 'A', 'A'),
('PRMAECEN000000000006', '13', 'TÉCNICO',	'N.A',	'A', 'A'),
('PRMAECEN000000000007', '14', 'AUXILIAR',	'N.A',	'A', 'A'),
('PRMAECEN000000000008', '21', 'FUNCIONARIO PÚBLICO - LEY 30057', 'N.A', 'A', 'A'),
('PRMAECEN000000000009', '22', 'DIRECTIVO PÚBLICO - LEY 30057',	'N.A',	'A', 'A'),
('PRMAECEN000000000010', '23', 'SERVIDOR CIVIL DE CARRERA - LEY 30057',	'N.A',	'A', 'A'),
('PRMAECEN000000000011', '24', 'SERVIDOR DE ACTIVIDADES COMPLEMENTARIAS - LEY 30057', 'N.A', 'A', 'A');

GO
--OCUPACIÓN TRABAJO(FALTA NO ESTA EN EL CUADRO)

INSERT INTO ocupaciontrabajos (id, codigo, nombre, categoriacupacional_id) VALUES
('PRMAECEN000000000001', '987020', 'PEON DE CARGA, AVIONES','PRMAECEN000000000002'),
('PRMAECEN000000000002', '987021', 'PEON DE CARGA, BUQUES', 'PRMAECEN000000000002'),
('PRMAECEN000000000003', '987022', 'PEON DE CARGA, BUQUES CISTERNA/GASES','PRMAECEN000000000002'),
('PRMAECEN000000000004', '987023', 'PEON DE CARGA, BUQUES CISTERNA/LIQUIDOS','PRMAECEN000000000002'),
('PRMAECEN000000000005', '987024', 'PEON DE CARGA, EMPRESAS DE MUDANZAS','PRMAECEN000000000002'),
('PRMAECEN000000000006', '987025', 'PEON PORTUARIO','PRMAECEN000000000002'),
('PRMAECEN000000000007', '999001', 'OCUPACION NO ESPECIFICADA','PRMAECEN000000000002'),
('PRMAECEN000000000008', '999101', 'PROFESOR QUE EJERCE CARGO JERÁRQUICO','PRMAECEN000000000002'),
('PRMAECEN000000000009', '999102', 'DIRECTOR O JEFE DE GESTIÓN PEDAGÓGICA','PRMAECEN000000000002'),
('PRMAECEN000000000010', '999103', 'ESPECIALISTA EN EDUCACIÓN','PRMAECEN000000000002'),
('PRMAECEN000000000011', '999104', 'SUBDIRECTOR DE INSTITUCIÓN EDUCATIVA','PRMAECEN000000000002'),
('PRMAECEN000000000012', '999105', 'PROFESOR QUE REALIZA FUNCIONES DE FORMACIÓN DOCENTE','PRMAECEN000000000002'),
('PRMAECEN000000000013', '999106', 'PROFESOR QUE REALIZA FUNCIONES DE INNOVACIÓN E INVESTIGACIÓN','PRMAECEN000000000002');
GO


----ISL----

--GERENCIAS

INSERT INTO gerencias (id, nombre) VALUES
('PRMAECEN000000000001', ' GERENCIA GENERAL'),
('PRMAECEN000000000002', ' GERENCIA ADMINISTRATIVA'),
('PRMAECEN000000000003', ' GERENCIA DE OPERACIONES');


--ÁREAS

INSERT INTO areas (id, nombre, gerencia_id) VALUES
('PRMAECEN000000000001', 'GERENCIA GENERAL','PRMAECEN000000000001'),
('PRMAECEN000000000002', 'OPERACIONES MINA','PRMAECEN000000000001'),
('PRMAECEN000000000003', 'RECURSOS HUMANOS','PRMAECEN000000000001'),
('PRMAECEN000000000004', 'SEGURIDAD Y MEDIO AMBIENTE','PRMAECEN000000000001'),
('PRMAECEN000000000005', 'GERENCIA ADMINISTRATIVA','PRMAECEN000000000002'), 
('PRMAECEN000000000006', 'ADMINISTRACION','PRMAECEN000000000002'), 
('PRMAECEN000000000007', 'LOGISTICA','PRMAECEN000000000002'),  
('PRMAECEN000000000008', 'INFORMATICA Y SISTEMAS','PRMAECEN000000000002'), 
('PRMAECEN000000000009', 'CONTABILIDAD','PRMAECEN000000000002'),  
('PRMAECEN000000000010', 'GERENCIA DE OPERACIONES','PRMAECEN000000000003'), 
('PRMAECEN000000000011', 'MANTENIMIENTO','PRMAECEN000000000003'),
('PRMAECEN000000000012', 'OPERACIONES','PRMAECEN000000000003');

--UNIDADES

GO
INSERT INTO unidades (id,  nombre, area_id) VALUES
 ('PRMAECEN000000000001', 'ADMINISTRACION', 'PRMAECEN000000000006'), 
 ('PRMAECEN000000000002', 'AUDITORIA', 'PRMAECEN000000000009'),
 ('PRMAECEN000000000003', 'CALL - CENTER', 'PRMAECEN000000000012'),
 ('PRMAECEN000000000004', 'COMBUSTIBLE', 'PRMAECEN000000000007'),
 ('PRMAECEN000000000005', 'CONDUCIENDO JUNTOS', 'PRMAECEN000000000004'), 
 ('PRMAECEN000000000006', 'CONTABILIDAD', 'PRMAECEN000000000009'),
 ('PRMAECEN000000000007', 'CONTROL DE FLOTA', 'PRMAECEN000000000012'),
 ('PRMAECEN000000000008', 'COORDINACIÓN Y SUPERVISIÓN DE OPERACIÓN', 'PRMAECEN000000000012'), 
 ('PRMAECEN000000000009', 'FACTURACION', 'PRMAECEN000000000006'),
 ('PRMAECEN000000000010', 'GERENCIA ADMINISTRATIVA', 'PRMAECEN000000000005'), 
 ('PRMAECEN000000000011', 'GERENCIA DE OPERACIONES', 'PRMAECEN000000000010'),
 ('PRMAECEN000000000012', 'GERENCIA GENERAL', 'PRMAECEN000000000001'), 
 ('PRMAECEN000000000013',  'INFORMATICA Y SISTEMAS', 'PRMAECEN000000000008'),
 ('PRMAECEN000000000014', 'LIQUIDACIONES', 'PRMAECEN000000000012'), 
 ('PRMAECEN000000000015', 'LOGISTICA', 'PRMAECEN000000000007'),
 ('PRMAECEN000000000016', 'MANTENIMIENTO', 'PRMAECEN000000000011'),
 ('PRMAECEN000000000017', ' MONITOREO Y GPS', 'PRMAECEN000000000004'), 
 ('PRMAECEN000000000018', 'NEUMATICOS', 'PRMAECEN000000000011'),
 ('PRMAECEN000000000019', 'OPERACIONES', 'PRMAECEN000000000012'),
 ('PRMAECEN000000000020', 'OPERACIONES MINA', 'PRMAECEN000000000002'), 
 ('PRMAECEN000000000021', 'RECURSOS HUMANOS', 'PRMAECEN000000000003'),  
 ('PRMAECEN000000000022', 'SEGURIDAD Y MEDIO AMBIENTE', 'PRMAECEN000000000004'),  
 ('PRMAECEN000000000023', 'TESORERIA', 'PRMAECEN000000000006'), 
 ('PRMAECEN000000000024', 'VENTAS', 'PRMAECEN000000000012');
 
--CARGO
GO
INSERT INTO cargos (id,  nombre, unidad_id) VALUES

 ('PRMAECEN000000000001', 'AGENTE DE SMA', 'PRMAECEN000000000022'),  
 ('PRMAECEN000000000002', 'ANALISTA CONTABLE', 'PRMAECEN000000000006'), 
 ('PRMAECEN000000000003', 'ANALISTA DE SELECCIÓN Y DESARROLLO DE PERSONAL', 'PRMAECEN000000000021'), 
 ('PRMAECEN000000000004', 'ANALISTA DE VENTAS', 'PRMAECEN000000000006'), 
 ('PRMAECEN000000000005', 'ANALISTA PROGRAMADOR', 'PRMAECEN000000000013'), 
 ('PRMAECEN000000000006', 'ASISTENTE ADMINISTRATIVO', 'PRMAECEN000000000001'), 
 ('PRMAECEN000000000007', 'ASISTENTE CONTABLE', 'PRMAECEN000000000006'), 
 ('PRMAECEN000000000008', 'ASISTENTE DE AUDITORIA', 'PRMAECEN000000000002'), 
 ('PRMAECEN000000000009', 'ASISTENTE DE CAJA', 'PRMAECEN000000000023'), 
 ('PRMAECEN000000000010', 'ASISTENTE DE DESARROLLO DEL TALENTO HUMANO', 'PRMAECEN000000000021'), 
 ('PRMAECEN000000000011', 'ASISTENTE DE FACTURACION', 'PRMAECEN000000000009'), 
 ('PRMAECEN000000000012', 'ASISTENTE DE GERENCIA DE OPERACIONES', 'PRMAECEN000000000011'), 
 ('PRMAECEN000000000013', 'ASISTENTE DE GERENCIA GENERAL', 'PRMAECEN000000000012'), 
 ('PRMAECEN000000000014', 'ASISTENTE DE LOGISTICA', 'PRMAECEN000000000015'), 
 ('PRMAECEN000000000015', 'ASISTENTE DE LOGISTICA - COMBUSTIBLE', 'PRMAECEN000000000004'), 
 ('PRMAECEN000000000016', 'ASISTENTE DE MANTENIMIENTO', 'PRMAECEN000000000016'), 
 ('PRMAECEN000000000017', 'ASISTENTE DE MINA', 'PRMAECEN000000000020'), 
 ('PRMAECEN000000000018', 'ASISTENTE DE NEUMATICOS', 'PRMAECEN000000000018'), 
 ('PRMAECEN000000000019', 'ASISTENTE DE RECURSOS HUMANOS', 'PRMAECEN000000000021'), 
 ('PRMAECEN000000000020', 'ASISTENTE DE SMA', 'PRMAECEN000000000022'), 
 ('PRMAECEN000000000021', 'ASISTENTE DE TESORERIA', 'PRMAECEN000000000023'), 
 ('PRMAECEN000000000022', 'AUXILIAR ADMINISTRATIVO', 'PRMAECEN000000000001'), 
 ('PRMAECEN000000000023', 'CONDUCTOR', 'PRMAECEN000000000006'), 
 ('PRMAECEN000000000024', 'CONDUCTOR MASTER', 'PRMAECEN000000000006'), 
 ('PRMAECEN000000000025', 'CONDUCTOR SENIOR', 'PRMAECEN000000000006'), 
 ('PRMAECEN000000000026', 'CONTADOR', 'PRMAECEN000000000006'), 
 ('PRMAECEN000000000027', 'COORDINADOR DE LOGISTICA CHICLAYO', 'PRMAECEN000000000015'), 
 ('PRMAECEN000000000028', 'COORDINADOR DE LOGISTICA PACASMAYO', 'PRMAECEN000000000015'), 
 ('PRMAECEN000000000029', 'COORDINADOR DE LOGISTICA PIURA', 'PRMAECEN000000000015'), 
 ('PRMAECEN000000000030', 'COORDINADOR DE NEUMATICOS', 'PRMAECEN000000000018'), 
 ('PRMAECEN000000000031', 'COORDINADOR DE RECURSOS HUMANOS', 'PRMAECEN000000000021'), 
 ('PRMAECEN000000000032', 'COORDINADOR DE SMA', 'PRMAECEN000000000022'),  
 ('PRMAECEN000000000033', 'COORDINADORA DE CONDUCIENDO JUNTOS', 'PRMAECEN000000000005'), 
 ('PRMAECEN000000000034', 'COORDINADORA DE FACTURACION Y COBRANZAS', 'PRMAECEN000000000009'), 
 ('PRMAECEN000000000035', 'COORDINADORA DE TESORERIA', 'PRMAECEN000000000023'), 
 ('PRMAECEN000000000036', 'DIRECTOR ADMINISTRATIVO', 'PRMAECEN000000000012'), 
 ('PRMAECEN000000000037', 'ENCARGADA DE GUIAS Y FLETES', 'PRMAECEN000000000009'), 
 ('PRMAECEN000000000038', 'ENCARGADO DE LIQUIDACIONES', 'PRMAECEN000000000006'), 
 ('PRMAECEN000000000039', 'ENCARGADO DE LIQUIDACIONES / CALL CENTER PAC.', 'PRMAECEN000000000006'), 
 ('PRMAECEN000000000040', 'ESPECIALISTA EN PRESUPUESTO Y CONTROL DE GESTION', 'PRMAECEN000000000010'), 
 ('PRMAECEN000000000041', 'GERENTE DE ADMINISTRACION', 'PRMAECEN000000000010'), 
 ('PRMAECEN000000000042', 'GERENTE DE OPERACIONES', 'PRMAECEN000000000011'), 
 ('PRMAECEN000000000043', 'GERENTE GENERAL', 'PRMAECEN000000000012'), 
 ('PRMAECEN000000000044', 'INSPECTOR DE NEUMATICOS', 'PRMAECEN000000000018'), 
 ('PRMAECEN000000000045', 'JEFE DE ADMINISTRACION', 'PRMAECEN000000000001'), 
 ('PRMAECEN000000000046', 'JEFE DE CANTERA', 'PRMAECEN000000000020'), 
 ('PRMAECEN000000000047', 'JEFE DE LOGISTICA', 'PRMAECEN000000000015'), 
 ('PRMAECEN000000000048', 'JEFE DE MANTENIMIENTO', 'PRMAECEN000000000016'), 
 ('PRMAECEN000000000049', 'JEFE DE OPERACIÓN NACIONAL', 'PRMAECEN000000000006'), 
 ('PRMAECEN000000000050', 'JEFE DE OPERACION PACASMAYO', 'PRMAECEN000000000006'), 
 ('PRMAECEN000000000051', 'JEFE DE OPERACIÓN PIURA ', 'PRMAECEN000000000006'),
 ('PRMAECEN000000000052', 'JEFE DE RECURSOS HUMANOS', 'PRMAECEN000000000021'), 
 ('PRMAECEN000000000053', 'JEFE DE SEGURIDAD', 'PRMAECEN000000000022'), 
 ('PRMAECEN000000000054', 'LAVADOR ENGRASADOR ', 'PRMAECEN000000000016'),
 ('PRMAECEN000000000055', 'MEDICO OCUPACIONAL', 'PRMAECEN000000000022'), 
 ('PRMAECEN000000000056', 'MONITOR', 'PRMAECEN000000000022'), 
 ('PRMAECEN000000000057', 'OPERADOR DE CARGADOR FRONTAL', 'PRMAECEN000000000006'), 
 ('PRMAECEN000000000058', 'OPERADOR DE TELEHANDER', 'PRMAECEN000000000006'), 
 ('PRMAECEN000000000059', 'OPERADOR DE TRACTO - CAMION', 'PRMAECEN000000000006'), 
 ('PRMAECEN000000000060', 'OPERADOR INSTRUCTOR DE TRACTO CAMION', 'PRMAECEN000000000006'),  
 ('PRMAECEN000000000061', 'OPERARIO DE LIMPIEZA', 'PRMAECEN000000000022'),  
 ('PRMAECEN000000000062', 'PSICOLOGO ORGANIZACIONAL', 'PRMAECEN000000000005'), 
 ('PRMAECEN000000000063', 'SUPERVISOR - CALL CENTER', 'PRMAECEN000000000006'), 
 ('PRMAECEN000000000064', 'SUPERVISOR DE CONTROL DE FLOTA', 'PRMAECEN000000000006'),  
 ('PRMAECEN000000000065', 'SUPERVISOR DE MANTENIMIENTO ', 'PRMAECEN000000000016'), 
 ('PRMAECEN000000000066', 'SUPERVISOR DE MONITOREO ', 'PRMAECEN000000000017'),
 ('PRMAECEN000000000067', 'SUPERVISOR DE OPERACIONES', 'PRMAECEN000000000006'), 
 ('PRMAECEN000000000068', 'SUPERVISOR DE RUTA ', 'PRMAECEN000000000006'), 
 ('PRMAECEN000000000069', 'SUPERVISOR DE SMA ', 'PRMAECEN000000000006'),
 ('PRMAECEN000000000070', 'SUPERVISOR OPERACIONES JUNIOR', 'PRMAECEN000000000006'), 
 ('PRMAECEN000000000071', 'SUPERVISOR OPERACIONES MÁSTER', 'PRMAECEN000000000006'), 
 ('PRMAECEN000000000072', 'SUPERVISOR OPERACIONES SENIOR', 'PRMAECEN000000000006'), 
 ('PRMAECEN000000000073', 'TECNICO DE PINTURA II', 'PRMAECEN000000000016'), 
 ('PRMAECEN000000000074', 'TECNICO ELECTRICISTA I', 'PRMAECEN000000000018'), 
 ('PRMAECEN000000000075', 'TECNICO ELECTRICISTA II', 'PRMAECEN000000000006'),  
 ('PRMAECEN000000000076', 'TECNICO EN NEUMATICOS II', 'PRMAECEN000000000018'), 
 ('PRMAECEN000000000077', 'TECNICO MECANICO', 'PRMAECEN000000000016'), 
 ('PRMAECEN000000000078', 'TECNICO MECANICO I', 'PRMAECEN000000000016'),  
 ('PRMAECEN000000000079', 'TECNICO MECANICO II', 'PRMAECEN000000000016'), 
 ('PRMAECEN000000000080', 'TECNICO MECANICO III', 'PRMAECEN000000000016'), 
 ('PRMAECEN000000000081', 'TECNICO NEUMATICO I', 'PRMAECEN000000000018'), 
 ('PRMAECEN000000000082', 'TECNICO SOLDADOR I', 'PRMAECEN000000000016'), 
 ('PRMAECEN000000000083', 'TECNICO SOLDADOR II', 'PRMAECEN000000000006'), 
 ('PRMAECEN000000000084', 'TRABAJADOR SOCIAL', 'PRMAECEN000000000021'), 
 ('PRMAECEN000000000085', 'TRABAJADORA SOCIAL ', 'PRMAECEN000000000006');

GO

--PERIODICIDAD (VERIFICAR QUE PERIODICIDAD SE RELACIONA CON EL TIPO DE PAGOS)

GO
INSERT INTO periodicidads (id, descripcion) VALUES
('PRMAECEN000000000001', 'MENSUAL'),
('PRMAECEN000000000002', 'QUINCENAL'),
('PRMAECEN000000000003', 'SEMANAL'),
('PRMAECEN000000000004', 'DIARIA'),
('PRMAECEN000000000005', 'OTROS');

--TIPO DE PAGOS
GO
INSERT INTO tipopagos(id, descripcion) VALUES
('PRMAECEN000000000001', 'EFECTIVO'),
('PRMAECEN000000000002', 'DEPÓSITO EN CUENTA'),
('PRMAECEN000000000003', 'OTROS');

--TIPO DE CONTRATO (VERIFICAR SI EXISTE RELACION ENTRE TIPO DE PAGOS Y TIPO DE CONTRATO)
GO
INSERT INTO tipocontratos(id, codigo, descripcion, descripcionabreviada) VALUES
('PRMAECEN000000000001', '01', 'A PLAZO INDETERMINADO - D.LEG. 728',	'A PLAZO INDET - D.LEG. 728'),
('PRMAECEN000000000002', '02', 'A TIEMPO PARCIAL',	'A TIEMPO PARCIAL'),
('PRMAECEN000000000003', '03', 'POR INICIO O INCREMENTO DE ACTIVIDAD',	'POR INICIO O INCREM DE ACTIV'),
('PRMAECEN000000000004', '04', 'POR NECESIDADES DEL MERCADO',	'POR NECES DEL MERCADO'),
('PRMAECEN000000000005', '05', 'POR RECONVERSIÓN EMPRESARIAL',	'POR RECONV EMPRESARIAL'),
('PRMAECEN000000000006', '06', 'OCASIONAL',	'OCASIONAL'),
('PRMAECEN000000000007', '07', 'DE SUPLENCIA',	'DE SUPLENCIA'),
('PRMAECEN000000000008', '08', 'DE EMERGENCIA',	'DE EMERGENCIA'),
('PRMAECEN000000000009', '09', 'PARA OBRA DETERMINADA O SERVICIO ESPECÍFICO',	'OBRA DETERM O SERV ESPEC'),
('PRMAECEN000000000010', '10', 'INTERMITENTE',	'INTERMITENTE'),
('PRMAECEN000000000011', '11', 'DE TEMPORADA',	'DE TEMPORADA'),
('PRMAECEN000000000012', '12', 'DE EXPORTACIÓN NO TRADICIONAL D.LEY 22342',	'DE EXPORT. NO TRADIC.'),
('PRMAECEN000000000013', '13', 'DE EXTRANJERO - D.LEG.689',	'DE EXTRANJERO - D.LEG. 689'),
('PRMAECEN000000000014', '14', 'ADMINISTRATIVO DE SERVICIOS - D.LEG 1057 (1)',	'CAS  - D.LEG 1057'),
('PRMAECEN000000000015', '15', 'NOMBRADO - D.LEG. N.° 276 (1)',	'NOMBRADO - D.LEG. N.° 276 (1)'),
('PRMAECEN000000000016', '16', 'SERVICIOS PERSONALES  - APLICABLES A LOS REGÍM. DE CARRERA (1)',	'SERV. PERS  - REGÍM. DE CARRERA (1)'),
('PRMAECEN000000000017', '17', 'GERENTE PÚBLICO - D.LEG. 1024 (1)',	'GERENTE PÚBLICO - DL 1024'),
('PRMAECEN000000000018', '18', 'A DOMICILIO',	'A DOMICILIO'),
('PRMAECEN000000000019', '19', 'FUTBOLISTAS PROFESIONALES',	'FUTBOLISTAS PROFESIONALES'),
('PRMAECEN000000000020', '20', 'AGRARIO - LEY 27360',	'AGRARIO - LEY 27360'),
('PRMAECEN000000000021', '21', 'MIGRANTE ANDINO DECISIÓN 545',	'MIGRANTE ANDINO '),
('PRMAECEN000000000022', '22', 'A PLAZO INDETERMINADO - LEY 30057',	'A PLAZO INDETERMINADO - LEY 30057'),
('PRMAECEN000000000023', '23', 'A PLAZO FIJO - LEY 30057',	'A PLAZO FIJO - LEY 30057'),
('PRMAECEN000000000024', '24', 'NOMBRADO - CARRERAS ESPECIALES DEL SECTOR PÚBLICO',	'NOMBRADO CARRERAS ESPECIALES'),
('PRMAECEN000000000025', '25', 'CONTRATADO - CARRERAS ESPECIALES DEL SECTOR PÚBLICO', '	CONTRATADO CARRERAS ESPECIALES'),
('PRMAECEN000000000026', '99', 'OTROS NO PREVISTOS',	'OTROS NO PREVISTOS');

-- REGIMEN INSTITUCIONES 
GO
INSERT INTO regimeninstituciones(id, codigo, nombre) VALUES
('PRMAECEN000000000001', '1', 'Pública'), 
('PRMAECEN000000000002', '2', 'Privada'); 
GO

--TIPO DE INSTITUCIONES 
GO
INSERT INTO tipoinstituciones(id, codigo, nombre, regimeninstitucion_id) VALUES
('PRMAECEN000000000001', '4', 'INSTITUTOS DE EDUCACIÓN SUPERIOR TECNOLÓGICA (IEST)', 'PRMAECEN000000000001'), --1 
('PRMAECEN000000000002', '4', 'INSTITUTOS DE EDUCACIÓN SUPERIOR TECNOLÓGICA (IEST)', 'PRMAECEN000000000002'), -- 2
('PRMAECEN000000000003', '5', 'INSTITUTO SUPERIOR PEDAGÓGICO' , 'PRMAECEN000000000001'), --1
('PRMAECEN000000000004', '5', 'INSTITUTO SUPERIOR PEDAGÓGICO' , 'PRMAECEN000000000002'), -- 2
('PRMAECEN000000000005', '6', 'UNIVERSIDAD' , 'PRMAECEN000000000001'), --1 
('PRMAECEN000000000006', '6', 'UNIVERSIDAD', 'PRMAECEN000000000002'), -- 2 
('PRMAECEN000000000007', '7', 'EDUCACIÓN SUPERIOR DE FORMACIÓN ARTÍSTICA' , 'PRMAECEN000000000001'), --1 y 2
('PRMAECEN000000000008', '7', 'EDUCACIÓN SUPERIOR DE FORMACIÓN ARTÍSTICA', 'PRMAECEN000000000002'), --1 y 2
('PRMAECEN000000000009', '8', 'ESCUELAS E INSTITUTOS DE EDUCACIÓN SUPERIOR TECNOLÓGICOS DE LAS FUERZAS ARMADAS Y POLICIALES' , 'PRMAECEN000000000001'), --1 
('PRMAECEN000000000011', '9', 'NO ESPECIFICADO (1)' , 'PRMAECEN000000000001'), -- 1
('PRMAECEN000000000012', '9', 'NO ESPECIFICADO (1)', 'PRMAECEN000000000002'); --  2
GO 

-- INSTITUCIONES 
INSERT INTO instituciones(id, codigo, nombre, tipoinstitucion_id) VALUES

	--PUBLICA IEST
('PRMAECEN000000000001', '141138270', '24 DE JULIO DE ZARUMILLA', 'PRMAECEN000000000001'), 
('PRMAECEN000000000002', '140591941', '4 DE JUNIO DE 1821', 'PRMAECEN000000000001'), 
('PRMAECEN000000000003', '141102763', '9 DE MAYO', 'PRMAECEN000000000001'), 
('PRMAECEN000000000004', '141102763', 'ABANCAY', 'PRMAECEN000000000001'), 
('PRMAECEN000000000005', '141025279', 'ACORA', 'PRMAECEN000000000001'), 
('PRMAECEN000000000006', '140567313', 'ADOLFO VIENRICH', 'PRMAECEN000000000001'), 
('PRMAECEN000000000007', '140729533', 'AGUSTIN HAYA DE LA TORRE', 'PRMAECEN000000000001'), 
('PRMAECEN000000000008', '140681601', 'AIJA', 'PRMAECEN000000000001'), 
('PRMAECEN000000000009', '141160159', 'ALBERTO PUMAYALLA DIAZ ', 'PRMAECEN000000000001'), 
('PRMAECEN000000000010', '141160175', 'ALEXANDER VON HUMBOLDT', 'PRMAECEN000000000001'), 
('PRMAECEN000000000011', '140636050', 'ALFRED NOBEL ', 'PRMAECEN000000000001'), 
('PRMAECEN000000000012', '140815118', 'ALFREDO JOSE MARIA ROCHA ZEGARRA', 'PRMAECEN000000000001'), 
('PRMAECEN000000000013', '141327253', 'ALFREDO SARMIENTO PALOMINO ', 'PRMAECEN000000000001'), 
('PRMAECEN000000000014', '141257369', 'ALIANZA RENOVADA ICHUÑA BELGICA', 'PRMAECEN000000000001'), 
('PRMAECEN000000000015', '140635995', 'ALMIRANTE MIGUEL GRAU', 'PRMAECEN000000000001'),

	--PUBLICA DE INSTITUTO SUPERIOR PEDAGÓGICO
('PRMAECEN000000000016', '141138270', '13 DE JULIO DE 1882', 'PRMAECEN000000000003'), 
('PRMAECEN000000000017', '141138270', 'ACOLLA', 'PRMAECEN000000000003'), 
('PRMAECEN000000000018', '141138270', 'ACOMAYO', 'PRMAECEN000000000003'),

	--PUBLICA UNIVERSIDAD
('PRMAECEN000000000019', '141138270', 'UNIVERSIDAD NACIONAL AGRARIA DE LA SELVA', 'PRMAECEN000000000005'), 
('PRMAECEN000000000020', '141138270', 'UNIVERSIDAD NACIONAL AGRARIA LA MOLINA', 'PRMAECEN000000000005'), 
('PRMAECEN000000000021', '141138270', 'UNIVERSIDAD NACIONAL AMAZÓNICA DE MADRE DE DIOS', 'PRMAECEN000000000005'),

	--PUBLICA EDUCACIÓN SUPERIOR DE FORMACIÓN ARTÍSTICA
('PRMAECEN000000000022', '141138270', 'ACAD. MUSICA Y DANZAS', 'PRMAECEN000000000007'), 
('PRMAECEN000000000023', '141138270', 'ARTE DRAMÁTICO “GUILLERMO UGARTE CHAMORRO”', 'PRMAECEN000000000007'), 
('PRMAECEN000000000024', '141138270', 'BELLAS ARTES  “DIEGO QUISPE TITO” CALCA', 'PRMAECEN000000000007'),

	--PUBLICA FUERZAS ARMADAS Y POLICIALES
('PRMAECEN000000000025', '141138270', 'ESCUELA DE OFICIALES DE LA POLICÍA NACIONAL DEL PERÚ', 'PRMAECEN000000000009'), 
('PRMAECEN000000000026', '141138270', 'ESCUELA MILITAR DEL PERÚ "CORONEL FRANCISCO BOLOGNESI"', 'PRMAECEN000000000009'), 
('PRMAECEN000000000027', '141138270', 'ESCUELA NAVAL DEL PERÚ', 'PRMAECEN000000000009'),

	--PUBLICA NO ESPECIFICADO
('PRMAECEN000000000028', '141138270', 'INSTITUCIÓN NO ESPECIFICADA', 'PRMAECEN000000000011'), 

	--PRIVADA IEST
('PRMAECEN000000000029', '141138270', 'ABACO - AREQUIPA', 'PRMAECEN000000000002'), 
('PRMAECEN000000000030', '140591941', 'ABACO - CHICLAYO', 'PRMAECEN000000000002'), 
('PRMAECEN000000000031', '141102763', 'ABACO - CUSCO', 'PRMAECEN000000000002'),

	--PRIVADA DE INSTITUTO SUPERIOR PEDAGÓGICO
('PRMAECEN000000000032', '141138270', 'ABRAHAM VALDELOMAR', 'PRMAECEN000000000004'), 
('PRMAECEN000000000033', '141138270', 'ADA A. BYRON', 'PRMAECEN000000000004'),
('PRMAECEN000000000034', '141138270', 'ALEXANDER FLEMING', 'PRMAECEN000000000004'), 

	--PRIVADA UNIVERSIDAD
('PRMAECEN000000000035', '141138270', 'ASOCIACIÓN UNIVERSIDAD PRIVADA SAN JUAN BAUTISTA', 'PRMAECEN000000000006'), 
('PRMAECEN000000000036', '141138270', 'FACULTAD DE TEOLOGÍA PONTIFICIA Y CIVIL DE LIMA', 'PRMAECEN000000000006'), 
('PRMAECEN000000000037', '141138270', 'PONTIFICIA UNIVERSIDAD CATÓLICA DEL PERÚ', 'PRMAECEN000000000006'),

	--PRIVADA EDUCACIÓN SUPERIOR DE FORMACIÓN ARTÍSTICA
('PRMAECEN000000000038', '141138270', 'ANTONIO RUIZ DE MONTOYA', 'PRMAECEN000000000008'), 
('PRMAECEN000000000039', '141138270', 'ARTE NEGOCIOS Y TECNOLOGIA', 'PRMAECEN000000000008'), 
('PRMAECEN000000000040', '141138270', 'CORRIENTE ALTERNA', 'PRMAECEN000000000008'), 

	--PRIVADA NO ESPECIFICADO
('PRMAECEN000000000041', '141138270', 'INSTITUCIÓN NO ESPECIFICADA', 'PRMAECEN000000000012');
GO

--CARRERAS

GO
INSERT INTO carreras(id, codigo, nombre, institucion_id) VALUES
	--PUBLICA - IEST 
('PRMAECEN000000000001', '141138270', 'MECÁNICA AUTOMOTRIZ', 'PRMAECEN000000000001'), 
('PRMAECEN000000000002', '140591941', 'ENFERMERÍA TÉCNICA',	'PRMAECEN000000000001'), 
('PRMAECEN000000000003', '141138270', 'PRODUCCIÓN AGROPECUARIA ', 'PRMAECEN000000000002'), 
('PRMAECEN000000000004', '140591941', 'CONTABILIDAD',	'PRMAECEN000000000002'), 
('PRMAECEN000000000005', '141138270', ' MECÁNICA AGRÍCOLA ', 'PRMAECEN000000000003'), 
('PRMAECEN000000000006', '140591941', ' DISEÑO DE MODAS',	'PRMAECEN000000000003'), 

	--PUBLICA - INSTITUTO SUPERIOR PEDAGÓGICO
('PRMAECEN000000000007', '141138270', 'EDUCACIÓN EN COMPUTACIÓN E INFORMÁTICA', 'PRMAECEN000000000004'), 
('PRMAECEN000000000008', '140591941', 'EDUCACIÓN PRIMARIA',	'PRMAECEN000000000004'), 
('PRMAECEN000000000009', '141138270', 'MUSICA ', 'PRMAECEN000000000005'), 
('PRMAECEN000000000010', '141138270', 'EDUCACIÓN PRIMARIA ', 'PRMAECEN000000000006'), 

	--PUBLICA UNIVERSIDAD
('PRMAECEN000000000011', '141138270', 'ADMINISTRACIÓN', 'PRMAECEN000000000007'), 
('PRMAECEN000000000012', '141138270', 'ECONOMÍA', 'PRMAECEN000000000007'), 
('PRMAECEN000000000013', '141138270', 'BIOLOGÍA', 'PRMAECEN000000000008'), 
('PRMAECEN000000000014', '141138270', 'ZOOTECNIA', 'PRMAECEN000000000008'), 
('PRMAECEN000000000015', '141138270', 'ECOTURISMO', 'PRMAECEN000000000009'), 
('PRMAECEN000000000016', '141138270', 'CONTABILIDAD Y FINANZAS', 'PRMAECEN000000000009'), 

	--PUBLICA EDUCACIÓN SUPERIOR DE FORMACIÓN ARTÍSTICA
('PRMAECEN000000000017', '141138270', 'DANZA', 'PRMAECEN000000000010'), 
('PRMAECEN000000000018', '141138270', 'ACTUACIÓN', 'PRMAECEN000000000011'), 
('PRMAECEN000000000019', '141138270', 'DISEÑO ESCENOGRÁFICO', 'PRMAECEN000000000011'), 
('PRMAECEN000000000020', '141138270', 'ARTES PLÁSTICAS Y VISUALES', 'PRMAECEN000000000012'), 
('PRMAECEN000000000021', '141138270', 'EDUCACIÓN ARTÍSTICA', 'PRMAECEN000000000012');

GO

--SITUACION ESPECIALES
INSERT INTO situacionespeciales(id, descripcion, descripcionabreviada) VALUES
('PRMAECEN000000000001','NINGUNA',	'NINGUNA'),
('PRMAECEN000000000002','TRABAJADOR DE DIRECCIÓN – PRESENCIAL',	'DIRECCIÓN - PRESENCIAL'),
('PRMAECEN000000000003','TRABAJADOR DE CONFIANZA - PRESENCIAL	','CONFIANZA - PRESENCIAL'),
('PRMAECEN000000000004','TRABAJADOR DE DIRECCIÓN - TELETRABAJO MIXTO',	'DIRECCIÓN - TELETRABAJO MIXTO'),
('PRMAECEN000000000005','TRABAJADOR DE CONFIANZA - TELETRABAJO MIXTO', 'CONFIANZA - TELETRABAJO MIXTO'),
('PRMAECEN000000000006','TRABAJADOR DE DIRECCIÓN - TELETRABAJO COMPLETO',	'DIRECCIÓN - TELETRABAJO COMPLETO'),
('PRMAECEN000000000007','TRABAJADOR DE CONFIANZA - TELETRABAJO COMPLETO',	'CONFIANZA - TELETRABAJO COMPLETO'),
('PRMAECEN000000000008','TELETRABAJO MIXTO',	'TELETRABAJO MIXTO'),
('PRMAECEN000000000009','TELETRABAJO COMPLETO',	'TELETRABAJO COMPLETO');

GO
--ESTADO CIVIL
GO
INSERT INTO estadocivils(id, nombre) VALUES
('PRMAECEN000000000001','Casado'),
('PRMAECEN000000000002','Soltero'),
('PRMAECEN000000000003','Conviviente');
GO
--JORNADA LABORALS

INSERT INTO jornadalaborals(id, descripcion) VALUES
('PRMAECEN000000000001','Máxima'),
('PRMAECEN000000000002','Atípica'),
('PRMAECEN000000000003','Nocturna');
GO

--FORMATO CONTRATO

INSERT INTO formatos(id,numero, descripcion, descripcionabreviada) VALUES
('PRMAECEN000000000001',1,'CONTRATO DE TRABAJO SUJETO A MODALIDAD POR NECESIDAD DE MERCADO','DE TRABAJO SUJETO A MODALIDAD POR NECESIDAD DE MERCADO'),
('PRMAECEN000000000002',2,'CONTRATO INDIVIDUAL DE TRABAJO TEMPORAL POR INCREMENTO DE ACTIVIDAD','INDIVIDUAL DE TRABAJO TEMPORAL POR INCREMENTO DE ACTIVIDAD'),
('PRMAECEN000000000003',3,'CONTRATO INDIVIDUAL DE TRABAJO SUJETO  A MODALIDAD POR INCREMENTO DE ACTIVIDAD','INDIVIDUAL DE TRABAJO SUJETO  A MODALIDAD POR INCREMENTO DE ACTIVIDAD');
GO

--ENTIDAD FINANCIERA
INSERT INTO entidadfinancieras(id, codigo, entidad) VALUES
('PRMAECEN000000000001', '002',	'BANCO DE CRÉDITO DEL PERÚ'),
('PRMAECEN000000000002', '003',	'INTERBANK'),
('PRMAECEN000000000003', '007',	'CITIBANK DEL PERÚ'),
('PRMAECEN000000000004', '009',	'SCOTIABANK PERÚ'),
('PRMAECEN000000000005', '011',	'BBVA BANCO CONTINENTAL'),
('PRMAECEN000000000006', '018',	'BANCO DE LA NACIÓN'),
('PRMAECEN000000000007', '020',	'BANCO FALABELLA'),
('PRMAECEN000000000008', '023',	'BANCO DE COMERCIO'),
('PRMAECEN000000000009', '035',	'BANCO FINANCIERO DEL PERÚ'),
('PRMAECEN000000000010', '038',	'BANCO INTERAMERICANO DE FINANZAS'),
('PRMAECEN000000000011', '043',	'CREDISCOTIA FINANCIERA'),
('PRMAECEN000000000012', '053',	'BANCO GNB'),
('PRMAECEN000000000013', '056',	'SANTANDER'),
('PRMAECEN000000000014', '057',	'BANCO AZTECA'),
('PRMAECEN000000000015', '058',	'BANCO CENCOSUD'),
('PRMAECEN000000000016', '059',	'BANCO RIPLEY'),
('PRMAECEN000000000017', '060',	'ICBC PERÚ BANK'),
('PRMAECEN000000000018', '070',	'MIBANCO'),
('PRMAECEN000000000019', '200',	'FINANC. CREDINKA'),
('PRMAECEN000000000020', '202',	'FINANC. PROEMPRESA'),
('PRMAECEN000000000021', '204',	'FINANC. CONFIANZA'),
('PRMAECEN000000000022', '206',	'CREDIRAIZ'),
('PRMAECEN000000000023', '208',	'COMPARTAMOS FINANCIERA'),
('PRMAECEN000000000024', '210',	'FINANCIERA QAPAQ'),
('PRMAECEN000000000025', '212',	'FINANCIERA TFC S A'),
('PRMAECEN000000000026', '214',	'FINANCIERA EFECTIVA'),
('PRMAECEN000000000027', '216',	'AMERIKA FINANCIERA'),
('PRMAECEN000000000028', '218',	'FINANCIERA OH!'),
('PRMAECEN000000000029', '800',	'CAJA METROPOLITANA DE LIMA'),
('PRMAECEN000000000030', '802',	'CMAC TRUJILLO'),
('PRMAECEN000000000031', '803',	'CMAC AREQUIPA'),
('PRMAECEN000000000032', '805',	'CMAC SULLANA'),
('PRMAECEN000000000033', '806',	'CMAC CUSCO'),
('PRMAECEN000000000034', '808',	'CMAC HUANCAYO'),
('PRMAECEN000000000035', '813',	'CMAC TACNA'),
('PRMAECEN000000000036', '820',	'CMAC DEL SANTA'),
('PRMAECEN000000000037', '822',	'CMAC ICA'),
('PRMAECEN000000000038', '824',	'CMAC PIURA'),
('PRMAECEN000000000039', '826',	'CMAC MAYNAS'),
('PRMAECEN000000000040', '828',	'CMAC PAITA'),
('PRMAECEN000000000041', '900',	'CRAC SIPAN'),
('PRMAECEN000000000042', '902',	'CRAC DEL CENTRO'),
('PRMAECEN000000000043', '904',	'CRAC INCASUR'),
('PRMAECEN000000000044', '906',	'CRAC PRYMERA'),
('PRMAECEN000000000045', '908',	'CRAC LOS ANDES');
GO

--CODIGO EPS
INSERT INTO codigoeps(id, ruc, descripcion) VALUES
('PRMAECEN000000000001', '20514372251', 'PERSALUD S.A. EPS (1)'),
('PRMAECEN000000000002', '20431115825', 'PACÍFICO S.A. EPS'),
('PRMAECEN000000000003',  '20414955020', 'RÍMAC INTERNACIONAL S.A. EPS'),
('PRMAECEN000000000004', '0', 'SERVICIOS PROPIOS'),
('PRMAECEN000000000005', '20517182673', 'MAPFRE PERU S.A. EPS'),
('PRMAECEN000000000006', '20523470761', 'SANITAS PERU S.A. - EPS '),
('PRMAECEN000000000007', '20601978572', 'EPS, LA POSITIVA S.A. ENTIDAD PRESTADORA DE SALUD ');

--SITUACIONES
INSERT INTO situaciones(id, descripcion, descripcionabreviada) VALUES
('PRMAECEN000000000001', 'BAJA (1)','BAJA'),
('PRMAECEN000000000002', 'ACTIVO O SUBSIDIADO (1)',	'ACTIVO O SUBSIDIADO'),
('PRMAECEN000000000003', 'SIN VÍNCULO LABORAL CON CONCEPTOS PENDIENTE DE LIQUIDAR', ' (2)	SIN VINC. LAB. CON CONC PEND POR LIQUIDAR'),
('PRMAECEN000000000004', 'SUSPENSIÓN PERFECTA DE LABORES (3)',	'SUSPENSIÓN PERFECTA DE LABORES');


--REGIMEN SALUD
INSERT INTO regimensaluds(id, codigo, descripcion, descripcionabreviada) VALUES
('PRMAECEN000000000001', '00',	'ESSALUD REGULAR (Exclusivamente)',	'ESSALUD REGULAR'), 
('PRMAECEN000000000002', '01',	'ESSALUD REGULAR Y EPS/SERV. PROPIOS',	'ESSALUD REGULAR Y EPS/SERV. PROP.'),
('PRMAECEN000000000003', '02',	'ESSALUD TRABAJADORES PESQUEROS',	'ESSALUD TRAB PESQUEROS'),
('PRMAECEN000000000004', '03',	'ESSALUD TRABAJADORES PESQUEROS Y EPS(SERV.PROPIOS)',	'ESSALUD TRAB PESQ Y EPS(SERV.PROP)'),
('PRMAECEN000000000005', '04',	'ESSALUD AGRARIO/ACUÍCOLA',	'ESSALUD AGRARIO/ACUÍCOLA'),
('PRMAECEN000000000006', '05',	'ESSALUD PENSIONISTAS',	'ESSALUD PENSIONISTAS'),
('PRMAECEN000000000007', '20',	'SANIDAD DE FFAA Y POLICIALES (1)',	'SANIDAD FFAA Y POLICIALES (1)'),
('PRMAECEN000000000008', '21',	'SIS – MICROEMPRESA(2)',	'SIS – MICROEMPRESA (2)');

--REGIMEN PENSIONARIO
INSERT INTO regimenpensionarios(id, numero, descripcion, descripcionabreviada,sectorprivado, sectorpublico, otrasentidades) VALUES
('PRMAECEN000000000001', '02',	'DECRETO LEY 19990 - SISTEMA NACIONAL DE PENSIONES - ONP',	'DL 19990 - SIST NAC DE PENS - ONP', 'A', 'A',	'A'),
('PRMAECEN000000000002', '03',	'DECRETO LEY 20530', 	'DECRETO LEY 20530', 'N.A', 'A', 'A'),
('PRMAECEN000000000003', '09',	'CAJA DE BENEFICIOS DE SEGURIDAD SOCIAL DEL PESCADOR',	'CBSSP', 'A', 'NA', 'A'),
('PRMAECEN000000000004', '10',	'CAJA DE PENSIONES MILITAR', 	'CAJA DE PENSIONES MILITAR',  'N.A', 'A', 'N.A'),
('PRMAECEN000000000005', '11',	'CAJA DE PENSIONES POLICIAL	','CAJA DE PENSIONES POLICIAL',	'N.A', 'A', 'N.A'),
('PRMAECEN000000000006', '12',	'OTROS REGIMENES PENSIONARIOS (1)',	'OTROS REGIMENES PENSIONARIOS',	'A', 'A', 'A'),
('PRMAECEN000000000007', '13',	'RÉGIMEN DEL SERVICIO DIPLOMÁTICO DE LA REPÚBLICA',  'REGIMEN DEL SDR', 	'N.A',	'A', 'A'),
('PRMAECEN000000000008', '14',	'LEY 29903 - SISTEMA NACIONAL DE PENSIONES -INDEPENDIENTES', 'LEY 29903 - SNP - INDEPENDIENTE', 'A', 'A',	'A'),
('PRMAECEN000000000009', '15',	'LEY 30003 - RÉGIMEN ESPECIAL DE PENSIONES -PESQUEROS',	'REP - TRAB. PESQUEROS', 'A', 'N.A', 'A'),
('PRMAECEN000000000010', '16',	'LEY 30003 TRANSFERENCIA DIRECTA EX PESC',	'LEY 30003 TDEP', 'N.A',	'A', 'N.A'),
('PRMAECEN000000000011', '21',	'SPP INTEGRA', 'SPP INTEGRA',	'A', 'A', 'A'),
('PRMAECEN000000000012', '22',	'SPP HORIZONTE', 'SPP HORIZONTE', 'A', 'A',	'A'),
('PRMAECEN000000000013', '23',	'SPP PROFUTURO', 'SPP PROFUTURO', 'A',	'A', 'A'),
('PRMAECEN000000000014', '24',	'SPP PRIMA', 'SPP PRIMA', 'A', 'A', 'A'),
('PRMAECEN000000000015', '25',	'SPP HABITAT', 'SPP HABITAT',  'A', 'A', 'A'),
('PRMAECEN000000000016', '98',	'PENDIENTE DE ELECCIÓN DE REGIMEN PENSIONARIO','PEND ELEC REG PENSIONARIO','','',''	),
('PRMAECEN000000000017', '99',	'SIN REGIMEN PENSIONARIO/NO APLICA', 'SIN REG PENSIONARIO/NO APLICA', 'A', 'A', 'A');

--SITUACIONEDUCATIVA
INSERT INTO situacioneducativas(id, descripcion, descripcionabreviada) VALUES
('PRMAECEN000000000001', 'SIN EDUCACIÓN FORMAL', 'SIN EDUCACIÓN FORMAL'),
('PRMAECEN000000000002', 'EDUCACIÓN ESPECIAL INCOMPLETA', 'ESPECIAL INCOMPLETA'),
('PRMAECEN000000000003', 'EDUCACIÓN ESPECIAL COMPLETA', 'ESPECIAL COMPLETA'),
('PRMAECEN000000000004', 'EDUCACIÓN PRIMARIA INCOMPLETA', 'PRIMARIA INCOMPLETA'),
('PRMAECEN000000000005', 'EDUCACIÓN PRIMARIA COMPLETA', 'PRIMARIA COMPLETA'),
('PRMAECEN000000000006', 'EDUCACIÓN SECUNDARIA INCOMPLETA', 'SECUNDARIA INCOMPLETA'),
('PRMAECEN000000000007', 'EDUCACIÓN SECUNDARIA COMPLETA', 'SECUNDARIA COMPLETA'),
('PRMAECEN000000000008', 'EDUCACIÓN TÉCNICA INCOMPLETA (2)', 'TÉCNICA INCOMPLETA'),
('PRMAECEN000000000009', 'EDUCACIÓN TÉCNICA COMPLETA (2)', 'TÉCNICA COMPLETA'),
('PRMAECEN000000000010', 'EDUCACIÓN SUPERIOR (INSTITUTO SUPERIOR, ETC) INCOMPLETA (3)', 'SUPERIOR INCOMPLETA (INSTIT. SUPER)'),
('PRMAECEN000000000011', 'EDUCACIÓN SUPERIOR (INSTITUTO SUPERIOR, ETC) COMPLETA  (3)', 'SUPERIOR COMPLETA  (INSTIT SUPER)'),
('PRMAECEN000000000012', 'EDUCACIÓN UNIVERSITARIA INCOMPLETA  (4)', 'UNIVERSITARIA INCOMPLETA'),
('PRMAECEN000000000013', 'EDUCACIÓN UNIVERSITARIA COMPLETA (4)', 'UNIVERSITARIA COMPLETA'),
('PRMAECEN000000000014', 'GRADO DE BACHILLER', 'GRADO DE BACHILLER'),
('PRMAECEN000000000015', 'TITULADO', 'TITULADO'),
('PRMAECEN000000000016', 'ESTUDIOS DE MAESTRÍA COMPLETA', 'ESTUD. MAESTRÍA COMPLETA'),
('PRMAECEN000000000017', 'GRADO DE MAESTRÍA', 'GRADO DE MAESTRÍA'),
('PRMAECEN000000000018', 'ESTUDIOS DE DOCTORADO INCOMPLETO', 'ESTUD. DOCTORADO INCOMPLETO'),
('PRMAECEN000000000019', 'ESTUDIOS DE DOCTORADO COMPLETO', 'ESTUD. DOCTORADO COMPLETO'),
('PRMAECEN000000000020', 'GRADO DE DOCTOR', 'GRADO DE DOCTOR');
GO

--REGIMEN LABORAL
INSERT INTO regimenlaborales(id, codigo, descripcion, descripcionabreviada,sectorpublico, sectorprivado , otrasentidades) VALUES
('PRMAECEN000000000001', '01',	'PRIVADO GENERAL -DECRETO LEGISLATIVO N.° 728',	'D LEG N.° 728', 'A','A','A'),
('PRMAECEN000000000002', '02',	'PÚBLICO GENERAL - DECRETO LEGISLATIVO N.° 276', 'D.LEG N.° 276',	'N.A',  'A','A'),
('PRMAECEN000000000003', '03',	'PROFESORADO - LEY N.° 24029', 'PROFESORADO LEY 24029',	'N.A', 	'A', 'A'),
('PRMAECEN000000000004', '04',	'MAGISTERIO - LEY N.° 29062	MAGISTERIO', 'LEY 29062',	'N.A', 	'A'	,'A'),
('PRMAECEN000000000005', '05',	'DOCENTES UNIVERSITARIOS - LEY N.° 23733',	'DOC UNIVERS LEY 23733', 'N.A', 'A', 'A'),
('PRMAECEN000000000006', '06',	'PROFESIONALES DE LA SALUD LEY N.° 23536',	'PROFES SALUD LEY 23536', 'N.A', 'A', 'A'),
('PRMAECEN000000000007', '07',	'TECNICOS Y AUXILIARES ASIST. DE LA SALUD - LEY N.° 28561',	'TECN Y AUX ASIST SALUD LEY 28561',	'N.A', 	'A', 'A'),
('PRMAECEN000000000008', '08',	'SERUM - LEY N.° 23330', 'SERUM LEY 23330',	'N.A', 	'A', 'A'),
('PRMAECEN000000000009', '09',	'JUECES - CARRERA JUDICIAL - LEY N.° 29277', 'JUECES LEY 29277', 'N.A',  'A', 'N.A'),
('PRMAECEN000000000010', '10',	'FISCALES - D. LEG.  N.° 052',	'FISCALES D.LEG 052', 'N.A',  'A' ,'N.A'),
('PRMAECEN000000000011', '11',	'SERVICIO DIPLOMÁTICO DE LA REPÚBLICA - LEY N.° 28091',	'SERVICIO DIPLOM. REPÚBLICA LEY 28091',	'N.A',  'A'	,'A'),
('PRMAECEN000000000012', '12',	'MILITARES', 'MILITARES', 'N.A', 'A', 'N.A'),
('PRMAECEN000000000013', '13',	'POLICIA NACIONAL DEL PERÚ - LEY N.° 27238', 'POLICIAS LEY 27238',	'N.A', 	'A', 'N.A'),
('PRMAECEN000000000014', '14',	'ESPECIAL GER. PÚBLICOS DECRETO LEGISLATIVO N.° 1024 (2)',	'ESPECIAL GER. PÚBL D LEG 1024', 'N.A',  'A', 'A'),
('PRMAECEN000000000015', '15',	'CONTRATO ADMINISTRATIVO DE SERVICIOS - D.LEG. N.° 1057', 'CAS D.LEG 1057',	'N.A', 	'A', 'A'),
('PRMAECEN000000000016', '16',	'MICROEMPRESA D. LEG. 1086 (1)', 'MICROEMPRESA',	'A',  'N.A', 'N.A'),
('PRMAECEN000000000017', '17',	'PEQUEÑA EMPRESA D. LEG. 1086 (1)',	'PEQUEÑA EMPRESA',	'A', 'N.A',	'N.A'),
('PRMAECEN000000000018', '18',	'AGRARIO LEY 27360', 'AGRARIO',	'A', 'A', 'A'),
('PRMAECEN000000000019', '19',	'EXPORTACION NO TRADICIONAL D. LEY 22342',	'EXPORTACION NO TRADICIONAL',	'A',  'A', 'A'),
('PRMAECEN000000000020', '20',	'MINEROS',	'MINEROS',	'A', 'A','A'),
('PRMAECEN000000000021', '21',	'CONSTRUCCION CIVIL', 'CONSTRUCCION CIVIL', 'A', 'A', 'A'),
('PRMAECEN000000000022', '22',	'PÚBLICO GENERAL SERVICIO CIVIL - LEY 30057','', 'N.A', 'A', 'A'),
('PRMAECEN000000000023', '23',	'MAGISTERIO - LEY 29944','', 'N.A', 'A', 'A'),
('PRMAECEN000000000024', '24',	'POLICÍA NACIONAL DEL PERÚ - D.LEG.1149', '','N.A', 'A', 'A'),
('PRMAECEN000000000025', '25',	'SERVIDORES PENITENCIARIOS - LEY 29709', '','N.A', 'A',  'A'),
('PRMAECEN000000000026', '99',	'OTROS NO PREVISTOS', 'OTROS', 'A', 'A', 'A');

--('PRMAECEN000000000001', 'PRIVADO GENERAL -DECRETO LEGISLATIVO N.° 728', 'D LEG N.° 728'),
--('PRMAECEN000000000002', 'MICROEMPRESA D. LEG. 1086 (1)', 'MICROEMPRESA'),
--('PRMAECEN000000000003', 'PEQUEÑA EMPRESA D. LEG. 1086 (1)', 'PEQUEÑA EMPRESA');

--CATEGORIA OCUPACIONAL
INSERT INTO categoriaocupacionales(id, codigo, descripcion, sectorpublico, sectorprivado , otrasentidades) VALUES
('PRMAECEN000000000001', '01',  'EJECUTIVO','A','N.A','A'),
('PRMAECEN000000000002', '02', 'OBRERO',	'A','N.A','A'),
('PRMAECEN000000000003', '03', 'EMPLEADO', 'A', 'N.A','A'),
('PRMAECEN000000000004', '11', 'FUNCIONARIO', 'N.A', 'A','A'),
('PRMAECEN000000000005', '12', 'PROFESIONAL',	'N.A','	A','A'),
('PRMAECEN000000000006', '13', 'TÉCNICO',	'N.A','A','A'),
('PRMAECEN000000000007', '14', 'AUXILIAR', 'N.A','	A','A'),
('PRMAECEN000000000008', '21', 'FUNCIONARIO PÚBLICO - LEY 30057',	'N.A','	A','A'),
('PRMAECEN000000000009', '22', 'DIRECTIVO PÚBLICO - LEY 30057',	'N.A','	A','A'),
('PRMAECEN000000000010', '23', 'SERVIDOR CIVIL DE CARRERA - LEY 30057', 'N.A','A','A'),
('PRMAECEN000000000011', '24','SERVIDOR DE ACTIVIDADES COMPLEMENTARIAS- LEY 30057', 'N.A','A','A');

--OCUPACION
INSERT INTO ocupaciones(id, codigo, descripcion) VALUES
('PRMAECEN000000000001', '987020',	'PEON DE CARGA, AVIONES'),
('PRMAECEN000000000002', '987021',	'PEON DE CARGA, BUQUES'),
('PRMAECEN000000000003', '987022',	'PEON DE CARGA, BUQUES CISTERNA/GASES'),
('PRMAECEN000000000004', '987023',	'PEON DE CARGA, BUQUES CISTERNA/LIQUIDOS'),
('PRMAECEN000000000005', '987024',	'PEON DE CARGA, EMPRESAS DE MUDANZAS'),
('PRMAECEN000000000006', '987025',	'PEON PORTUARIO'),
('PRMAECEN000000000007', '999001',	'OCUPACION NO ESPECIFICADA'),
('PRMAECEN000000000008', '999101',	'PROFESOR QUE EJERCE CARGO JERÁRQUICO'),
('PRMAECEN000000000009', '999102',	'DIRECTOR O JEFE DE GESTIÓN PEDAGÓGICA'),
('PRMAECEN000000000010', '999103',	'ESPECIALISTA EN EDUCACIÓN'),
('PRMAECEN000000000011', '999104',	'SUBDIRECTOR DE INSTITUCIÓN EDUCATIVA'),
('PRMAECEN000000000012', '999105',	'PROFESOR QUE REALIZA FUNCIONES DE FORMACIÓN DOCENTE'),
('PRMAECEN000000000013', '999106',	'PROFESOR QUE REALIZA FUNCIONES DE INNOVACIÓN E INVESTIGACIÓN');
GO

INSERT INTO empresas (id, descripcion, abreviatura, activo) VALUES
('PRMAECEN000000000001', 'Induamérica Servicios Logísticos S.A.C.','IND SERVICIOS LOGÍSTICOS S.A.C.',1);
 GO

 INSERT INTO establecimientolaborals (id, codigo, descripcion, activo) VALUES
('PRMAECEN000000000001','00', 'Domicilio Fiscal',1),
('PRMAECEN000000000002','01', 'Sucursal',1),
('PRMAECEN000000000003','02', 'Sucursal',1),
('PRMAECEN000000000004','03', 'Sucursal',1),
('PRMAECEN000000000005','04', 'Local Comercial o de Servicios',1),
('PRMAECEN000000000006','05', 'Sucursal',1),
('PRMAECEN000000000007','06', 'Sucursal',1),
('PRMAECEN000000000008','07', 'Depósito',1),
('PRMAECEN000000000009','08', 'Sucursal',1),
('PRMAECEN000000000010','09', 'Sucursal',1),
('PRMAECEN000000000011','12', 'Depósito',1),
('PRMAECEN000000000012','13', 'Oficina Administrativa',1),
('PRMAECEN000000000013','14', 'Sede Productiva',1);
 GO


INSERT INTO ciudades (id, descripcion, zona, activo) VALUES
('PRMAECEN000000000001 ', 'Lima','Sur',0),
('PRMAECEN000000000002', ' Lambayeque','Norte',1),
('PRMAECEN000000000003 ', 'La Libertad','Sur',0),
('PRMAECEN000000000004 ', 'Piura','Norte',0),
('PRMAECEN000000000005 ', 'Cajamarca','Norte',0);

GO
INSERT INTO locales (id, identificador, nombre,nombreabreviado, direccion, telefono, fax, email, descripcion, prefijoLocal, activo, ciudad_id, empresa_id, establecimiento_id) VALUES
('PRMAECEN000000000001','01', 'Lima - Lima - Villa El Salvador',' Villa El Salvador - Lima','COO.COLONIZ LAS VERTIENTES Mz 1 Lote 06','14574244','252578545','isl_lima@induamerica.com.pe', ' ISL LIMA VILLA EL SALVADOR','SLLIMSAL',0,'PRMAECEN000000000001','PRMAECEN000000000001','PRMAECEN000000000008'),
('PRMAECEN000000000002','02', 'Lambayeque - Lambayeque - Lambayeque','Lambayeque - Chiclayo','CAR.PANAMERICANA NORTE KM. 775 Int A','41527754','7775124252','isl_lambayeque@induamerica.com.pe', 'ISL LAMBAYEQUE LAMBAYEQUE','SLLAMCHI',1, 'PRMAECEN000000000002','PRMAECEN000000000001','PRMAECEN000000000002'),
('PRMAECEN000000000003','03', 'La Libertad - Pacasmayo - Pacasmayo','La Libertad - Pacasmayo','CAR. PANAMERICANA NORTE Km 664','14574244','252578545','isl_lalibertad@induamerica.com.pe', 'ISL LA LIBERTAD PACASMAYO','SLLIBPAC',0,'PRMAECEN000000000003','PRMAECEN000000000001','PRMAECEN000000000004'),
('PRMAECEN000000000004','04', 'Piura - Paita - Paita','Piura - Paita','FND. FUNDO BELLO CAR. PIURA-PAITA Km 4','41527754','7775124252','isl_piura@induamerica.com.pe', 'ISL PIURA  PAITA','SLPIUPAI',0, 'PRMAECEN000000000004','PRMAECEN000000000001','PRMAECEN000000000010'),
('PRMAECEN000000000005','05', 'Lambayeque - Lambayeque - Lambayeque','Lambayeque - San Roque','SEC. MONTES DE LA VIRGEN - VALLE CHANCAY S/N','14574244','252578545','isl_lambayequeroque@induamerica.com.pe', 'ISL LAMBAYEQUE LAMBAYEQUE','SLLAMROQ',0,'PRMAECEN000000000002','PRMAECEN000000000001','PRMAECEN000000000011'),
('PRMAECEN000000000006','06', 'Lima - Lima - Santa Anita','Lima - Santa Anita','PJ. SEÑOR DE MURUHUAY 24 Int 2PISO','41527754','7775124252','isl_staanita@induamerica.com.pe', 'ISL LIMA SANTA ANITA','SLLIMANI',0, 'PRMAECEN000000000001','PRMAECEN000000000001','PRMAECEN000000000012'),
('PRMAECEN000000000007','07', 'Cajamarca - Santa Cruz - Sexi','Santa Cruz - Sexi','CAS. CUNYAC - CENTRO MINERO CUNYAC S/N','41527754','7775124252','isl_cajamarca@induamerica.com.pe', 'ISL CAJAMARCA SANTA CRUZ SEXI','SLCRUSEX',0, 'PRMAECEN000000000005','PRMAECEN000000000001','PRMAECEN000000000013');
GO


INSERT INTO [dbo].[trabajadores] ([id], [dni], [fechanacimiento], [apellidopaterno], [apellidomaterno], [nombres], [sexo], [telefono], [email], [nombrevia], [numerovia], [nombrezona], [referencia], [interior], [discapacidad], [sindicalizado], [departamento_id], [provincia_id], [afiliadoeps], [essaludvida], [senati], [sctrsalud], [sctrpensiones], [domiciliado], [estudiosperu], [cussp], [regimeninstitucion_id], [tipoinstitucion_id], [institucion_id], [anioegreso], [asignacionfamiliar], [rentaquinta], [quintaexonerada], [activo],[template], [template10], [mar_huella], [mar_dni], [huella_foto],[tiene], [tipodocumento_id], [estadocivil_id], [nacionalidad_id], [tipovia_id], [tipozona_id], [pais_id], [tipotrabajador_id], [motivobaja_id], [entidadfinanciera_id], [regimensalud_id], [regimenpensionario_id], [distrito_id], [situacion_id], [codigoeps_id], [situacioneducativa_id], [carrera_id], [regimenlaboral_id], [categoriaocupacional_id], [ocupacion_id], [situacionespecial_id], [local_id], [horario_id],[IdUsuarioCrea], [FechaCrea], [IdUsuarioModifica], [FechaModifica]) 
VALUES 

(N'SLLAMCHI000000000001', '12345678', CAST(0xE2150B00 AS Date), N'Diaz', N'Diaz', N'Joel', 1, N'98565896', N'joel@gmail.com', N'Leticia', N'145', N'Upis Cois', N'ghghgh', N'145', 0, 0, N'PRMAECEN000000000014', N'PRMAECEN000000000001', 0, 0, 0, 0, 0, 0, 1, N'14141', N'PRMAECEN000000000001', N'PRMAECEN000000000001', N'PRMAECEN000000000005', 2000, 0, 0, 0, 1,'', '', '','','','No', N'PRMAECEN000000000001', N'PRMAECEN000000000002', N'PRMAECEN000000000020', N'PRMAECEN000000000016', N'PRMAECEN000000000004', N'PRMAECEN000000000020', N'PRMAECEN000000000002', N'PRMAECEN000000000020', N'PRMAECEN000000000001', N'PRMAECEN000000000002', N'PRMAECEN000000000002', N'PRMAECEN000000000014', N'PRMAECEN000000000002', N'PRMAECEN000000000001', N'PRMAECEN000000000014', N'PRMAECEN000000000009', N'PRMAECEN000000000001', N'PRMAECEN000000000002', N'PRMAECEN000000000001', N'PRMAECEN000000000001', N'PRMAECEN000000000002','PRMAECEN000000000001','','','',''),
(N'SLLAMCHI000000000002', '88345678', CAST(0xE2150B00 AS Date),  N'Castillo', N'Carranza', N'Miriam', 1, N'98565896', N'joel@gmail.com', N'Pedro Ruiz', N'145', N'Upis Cois', N'ghghgh', N'145', 0, 0, N'PRMAECEN000000000014', N'PRMAECEN000000000001', 0, 0, 0, 0, 0, 0, 1, N'14141', N'PRMAECEN000000000001', N'PRMAECEN000000000001', N'PRMAECEN000000000005', 2000, 0, 0, 0, 1,'', '', '','','','No', N'PRMAECEN000000000001', N'PRMAECEN000000000002', N'PRMAECEN000000000020', N'PRMAECEN000000000016', N'PRMAECEN000000000004', N'PRMAECEN000000000020', N'PRMAECEN000000000002', N'PRMAECEN000000000020', N'PRMAECEN000000000001', N'PRMAECEN000000000002', N'PRMAECEN000000000002', N'PRMAECEN000000000014', N'PRMAECEN000000000002', N'PRMAECEN000000000001', N'PRMAECEN000000000014', N'PRMAECEN000000000009', N'PRMAECEN000000000001', N'PRMAECEN000000000002', N'PRMAECEN000000000001', N'PRMAECEN000000000001', N'PRMAECEN000000000002','PRMAECEN000000000001','','','',''),
(N'SLLAMCHI000000000003', '45345678', CAST(0xE2150B00 AS Date), N'Prieto', N'Pizarro', N'Jacinto', 1, N'98565896', N'joel@gmail.com', N'Saenz Peña', N'145', N'Cois Este', N'ghghgh', N'145', 0, 0, N'PRMAECEN000000000014', N'PRMAECEN000000000001', 0, 0, 0, 0, 0, 0, 1, N'14141', N'PRMAECEN000000000001', N'PRMAECEN000000000001', N'PRMAECEN000000000005', 2000, 0, 0, 0, 1,'', '', '','','','No', N'PRMAECEN000000000001', N'PRMAECEN000000000002', N'PRMAECEN000000000020', N'PRMAECEN000000000016', N'PRMAECEN000000000004', N'PRMAECEN000000000020', N'PRMAECEN000000000002', N'PRMAECEN000000000020', N'PRMAECEN000000000001', N'PRMAECEN000000000002', N'PRMAECEN000000000002', N'PRMAECEN000000000014', N'PRMAECEN000000000002', N'PRMAECEN000000000001', N'PRMAECEN000000000014', N'PRMAECEN000000000009', N'PRMAECEN000000000001', N'PRMAECEN000000000002', N'PRMAECEN000000000001', N'PRMAECEN000000000001', N'PRMAECEN000000000002','PRMAECEN000000000001','','','',''),
(N'SLLAMCHI000000000004', '12366678', CAST(0xE2150B00 AS Date), N'Castillo', N'Carranza', N'Miriam', 1, N'98565896', N'joel@gmail.com', N'Cois Este', N'145', N'Upis Cois', N'ghghgh', N'145', 0, 0, N'PRMAECEN000000000014', N'PRMAECEN000000000001', 0, 0, 0, 0, 0, 0, 1, N'14141', N'PRMAECEN000000000001', N'PRMAECEN000000000001', N'PRMAECEN000000000005', 2000, 0, 0, 0, 1,'', '', '','','','No', N'PRMAECEN000000000001', N'PRMAECEN000000000002', N'PRMAECEN000000000020', N'PRMAECEN000000000016', N'PRMAECEN000000000004', N'PRMAECEN000000000020', N'PRMAECEN000000000002', N'PRMAECEN000000000020', N'PRMAECEN000000000001', N'PRMAECEN000000000002', N'PRMAECEN000000000002', N'PRMAECEN000000000014', N'PRMAECEN000000000002', N'PRMAECEN000000000001', N'PRMAECEN000000000014', N'PRMAECEN000000000009', N'PRMAECEN000000000001', N'PRMAECEN000000000002', N'PRMAECEN000000000001', N'PRMAECEN000000000001', N'PRMAECEN000000000002','PRMAECEN000000000001','','','',''),
(N'SLLAMCHI000000000005', '77777767', CAST(0xE2150B00 AS Date), N'Mendoza', N'Castro', N'Jorge', 1, N'98565896', N'joel@gmail.com', N'Nicolas de Piérola', N'145', N'Cois Este', N'ghghgh', N'145', 0, 0, N'PRMAECEN000000000014', N'PRMAECEN000000000001', 0, 0, 0, 0, 0, 0, 1, N'14141', N'PRMAECEN000000000001', N'PRMAECEN000000000001', N'PRMAECEN000000000005', 2000, 0, 0, 0, 1,'', '', '','','','No', N'PRMAECEN000000000001', N'PRMAECEN000000000002', N'PRMAECEN000000000020', N'PRMAECEN000000000016', N'PRMAECEN000000000004', N'PRMAECEN000000000020', N'PRMAECEN000000000002', N'PRMAECEN000000000020', N'PRMAECEN000000000001', N'PRMAECEN000000000002', N'PRMAECEN000000000002', N'PRMAECEN000000000014', N'PRMAECEN000000000002', N'PRMAECEN000000000001', N'PRMAECEN000000000014', N'PRMAECEN000000000009', N'PRMAECEN000000000001', N'PRMAECEN000000000002', N'PRMAECEN000000000001', N'PRMAECEN000000000001', N'PRMAECEN000000000002','PRMAECEN000000000001','','','',''),
(N'SLLAMCHI000000000006', '90909090', CAST(0xE2150B00 AS Date), N'Juarez', N'Lopez', N'Martha', 1, N'98565896', N'joel@gmail.com', N'Leguia', N'145', N'Cois Este', N'Upis Cois', N'145', 0, 0, N'PRMAECEN000000000014', N'PRMAECEN000000000001', 0, 0, 0, 0, 0, 0, 1, N'14141', N'PRMAECEN000000000001', N'PRMAECEN000000000001', N'PRMAECEN000000000005', 2000, 0, 0, 0, 1,'', '', '','','','No', N'PRMAECEN000000000001', N'PRMAECEN000000000002', N'PRMAECEN000000000020', N'PRMAECEN000000000016', N'PRMAECEN000000000004', N'PRMAECEN000000000020', N'PRMAECEN000000000002', N'PRMAECEN000000000020', N'PRMAECEN000000000001', N'PRMAECEN000000000002', N'PRMAECEN000000000002', N'PRMAECEN000000000014', N'PRMAECEN000000000002', N'PRMAECEN000000000001', N'PRMAECEN000000000014', N'PRMAECEN000000000009', N'PRMAECEN000000000001', N'PRMAECEN000000000002', N'PRMAECEN000000000001', N'PRMAECEN000000000001', N'PRMAECEN000000000002','PRMAECEN000000000001','','','',''),
(N'SLLAMCHI000000000007', '54545478', CAST(0xE2150B00 AS Date), N'Mendez', N'Vallejos', N'Ernestro', 1, N'98565896', N'joel@gmail.com', N'Leticia', N'145', N'Cois Este', N'ghghgh', N'145', 0, 0, N'PRMAECEN000000000014', N'PRMAECEN000000000001', 0, 0, 0, 0, 0, 0, 1, N'14141', N'PRMAECEN000000000001', N'PRMAECEN000000000001', N'PRMAECEN000000000005', 2000, 0, 0, 0,  1,'', '', '','','','No', N'PRMAECEN000000000001', N'PRMAECEN000000000002', N'PRMAECEN000000000020', N'PRMAECEN000000000016', N'PRMAECEN000000000004', N'PRMAECEN000000000020', N'PRMAECEN000000000002', N'PRMAECEN000000000020', N'PRMAECEN000000000001', N'PRMAECEN000000000002', N'PRMAECEN000000000002', N'PRMAECEN000000000014', N'PRMAECEN000000000002', N'PRMAECEN000000000001', N'PRMAECEN000000000014', N'PRMAECEN000000000009', N'PRMAECEN000000000001', N'PRMAECEN000000000002', N'PRMAECEN000000000001', N'PRMAECEN000000000001', N'PRMAECEN000000000002','PRMAECEN000000000001','','','',''),
(N'SLLAMCHI000000000008', '76765555', CAST(0xE2150B00 AS Date), N'Vasquez', N'Vasquez', N'Editha', 1, N'98565896', N'joel@gmail.com', N'Cois Este', N'145', N'Upis Cois', N'ghghgh', N'145', 0, 0, N'PRMAECEN000000000014', N'PRMAECEN000000000001', 0, 0, 0, 0, 0, 0, 1, N'14141', N'PRMAECEN000000000001', N'PRMAECEN000000000001', N'PRMAECEN000000000005', 2000, 0, 0, 0, 1,'', '', '','','','No', N'PRMAECEN000000000001', N'PRMAECEN000000000002', N'PRMAECEN000000000020', N'PRMAECEN000000000016', N'PRMAECEN000000000004', N'PRMAECEN000000000020', N'PRMAECEN000000000002', N'PRMAECEN000000000020', N'PRMAECEN000000000001', N'PRMAECEN000000000002', N'PRMAECEN000000000002', N'PRMAECEN000000000014', N'PRMAECEN000000000002', N'PRMAECEN000000000001', N'PRMAECEN000000000014', N'PRMAECEN000000000009', N'PRMAECEN000000000001', N'PRMAECEN000000000002', N'PRMAECEN000000000001', N'PRMAECEN000000000001', N'PRMAECEN000000000002','PRMAECEN000000000001','','','',''),
(N'SLLAMCHI000000000009', '89898989', CAST(0xE2150B00 AS Date),  N'Huancas', N'Veliz', N'Julia', 1, N'98565896', N'joel@gmail.com', N'Pedro Ruiz', N'145', N'Cois Este', N'ghghgh', N'145', 0, 0, N'PRMAECEN000000000014', N'PRMAECEN000000000001', 0, 0, 0, 0, 0, 0, 1, N'14141', N'PRMAECEN000000000001', N'PRMAECEN000000000001', N'PRMAECEN000000000005', 2000, 0, 0, 0,  1,'', '', '','','','No', N'PRMAECEN000000000001', N'PRMAECEN000000000002', N'PRMAECEN000000000020', N'PRMAECEN000000000016', N'PRMAECEN000000000004', N'PRMAECEN000000000020', N'PRMAECEN000000000002', N'PRMAECEN000000000020', N'PRMAECEN000000000001', N'PRMAECEN000000000002', N'PRMAECEN000000000002', N'PRMAECEN000000000014', N'PRMAECEN000000000002', N'PRMAECEN000000000001', N'PRMAECEN000000000014', N'PRMAECEN000000000009', N'PRMAECEN000000000001', N'PRMAECEN000000000002', N'PRMAECEN000000000001', N'PRMAECEN000000000001', N'PRMAECEN000000000002','PRMAECEN000000000001','','','',''),
(N'SLLAMCHI000000000010', '14122222', CAST(0xE2150B00 AS Date), N'Ventura', N'Durán', N'Nestor', 1, N'98565896', N'joel@gmail.com', N'Leticia', N'145', N'Upis Cois', N'ghghgh', N'145', 0, 0, N'PRMAECEN000000000014', N'PRMAECEN000000000001', 0, 0, 0, 0, 0, 0, 1, N'14141', N'PRMAECEN000000000001', N'PRMAECEN000000000001', N'PRMAECEN000000000005', 2000, 0, 0, 0,  1,'', '', '','','','No', N'PRMAECEN000000000001', N'PRMAECEN000000000002', N'PRMAECEN000000000020', N'PRMAECEN000000000016', N'PRMAECEN000000000004', N'PRMAECEN000000000020', N'PRMAECEN000000000002', N'PRMAECEN000000000020', N'PRMAECEN000000000001', N'PRMAECEN000000000002', N'PRMAECEN000000000002', N'PRMAECEN000000000014', N'PRMAECEN000000000002', N'PRMAECEN000000000001', N'PRMAECEN000000000014', N'PRMAECEN000000000009', N'PRMAECEN000000000001', N'PRMAECEN000000000002', N'PRMAECEN000000000001', N'PRMAECEN000000000001', N'PRMAECEN000000000002','PRMAECEN000000000001','','','',''),
(N'SLLAMCHI000000000011', '45845875', CAST(0xE2150B00 AS Date), N'Ruiz', N'Gonzales', N'Lisbeth', 1, N'98565896', N'joel@gmail.com', N'Leticia', N'145', N'Cois Este', N'ghghgh', N'145', 0, 0, N'PRMAECEN000000000014', N'PRMAECEN000000000001', 0, 0, 0, 0, 0, 0, 1, N'14141', N'PRMAECEN000000000001', N'PRMAECEN000000000001', N'PRMAECEN000000000005', 2000, 0, 0, 0, 1,'', '', '','','','No', N'PRMAECEN000000000001', N'PRMAECEN000000000002', N'PRMAECEN000000000020', N'PRMAECEN000000000016', N'PRMAECEN000000000004', N'PRMAECEN000000000020', N'PRMAECEN000000000002', N'PRMAECEN000000000020', N'PRMAECEN000000000001', N'PRMAECEN000000000002', N'PRMAECEN000000000002', N'PRMAECEN000000000014', N'PRMAECEN000000000002', N'PRMAECEN000000000001', N'PRMAECEN000000000014', N'PRMAECEN000000000009', N'PRMAECEN000000000001', N'PRMAECEN000000000002', N'PRMAECEN000000000001', N'PRMAECEN000000000001', N'PRMAECEN000000000002','PRMAECEN000000000001','','','',''),
(N'SLLAMCHI000000000012', '14252414', CAST(0xE2150B00 AS Date), N'Martinez', N'Villa', N'Raul', 1, N'98565896', N'joel@gmail.com', N'Leguia', N'145', N'Upis Cois', N'ghghgh', N'145', 0, 0, N'PRMAECEN000000000014', N'PRMAECEN000000000001', 0, 0, 0, 0, 0, 0, 1, N'14141', N'PRMAECEN000000000001', N'PRMAECEN000000000001', N'PRMAECEN000000000005', 2000, 0, 0, 0,  1,'', '', '','','','No', N'PRMAECEN000000000001', N'PRMAECEN000000000002', N'PRMAECEN000000000020', N'PRMAECEN000000000016', N'PRMAECEN000000000004', N'PRMAECEN000000000020', N'PRMAECEN000000000002', N'PRMAECEN000000000020', N'PRMAECEN000000000001', N'PRMAECEN000000000002', N'PRMAECEN000000000002', N'PRMAECEN000000000014', N'PRMAECEN000000000002', N'PRMAECEN000000000001', N'PRMAECEN000000000014', N'PRMAECEN000000000009', N'PRMAECEN000000000001', N'PRMAECEN000000000002', N'PRMAECEN000000000001', N'PRMAECEN000000000001', N'PRMAECEN000000000002','PRMAECEN000000000001','','','',''),
(N'SLLAMCHI000000000013', '22222222', CAST(0xE2150B00 AS Date),  N'Ramirez', N'Bernal', N'Susanine', 1, N'98565896', N'joel@gmail.com', N'Leguia', N'145', N'Cois Este', N'ghghgh', N'145', 0, 0, N'PRMAECEN000000000014', N'PRMAECEN000000000001', 0, 0, 0, 0, 0, 0, 1, N'14141', N'PRMAECEN000000000001', N'PRMAECEN000000000001', N'PRMAECEN000000000005', 2000, 0, 0, 0,  1,'', '', '','','','No', N'PRMAECEN000000000001', N'PRMAECEN000000000002', N'PRMAECEN000000000020', N'PRMAECEN000000000016', N'PRMAECEN000000000004', N'PRMAECEN000000000020', N'PRMAECEN000000000002', N'PRMAECEN000000000020', N'PRMAECEN000000000001', N'PRMAECEN000000000002', N'PRMAECEN000000000002', N'PRMAECEN000000000014', N'PRMAECEN000000000002', N'PRMAECEN000000000001', N'PRMAECEN000000000014', N'PRMAECEN000000000009', N'PRMAECEN000000000001', N'PRMAECEN000000000002', N'PRMAECEN000000000001', N'PRMAECEN000000000001', N'PRMAECEN000000000002','PRMAECEN000000000001','','','',''),
(N'SLLAMCHI000000000014', '33333333', CAST(0xE2150B00 AS Date), N'Martinez', N'Troya', N'Ruberto', 1, N'98565896', N'joel@gmail.com', N'Leguia', N'145', N'Upis Cois', N'ghghgh', N'145', 0, 0, N'PRMAECEN000000000014', N'PRMAECEN000000000001', 0, 0, 0, 0, 0, 0, 1, N'14141', N'PRMAECEN000000000001', N'PRMAECEN000000000001', N'PRMAECEN000000000005', 2000, 0, 0, 0,  1,'', '', '','','','No', N'PRMAECEN000000000001', N'PRMAECEN000000000002', N'PRMAECEN000000000020', N'PRMAECEN000000000016', N'PRMAECEN000000000004', N'PRMAECEN000000000020', N'PRMAECEN000000000002', N'PRMAECEN000000000020', N'PRMAECEN000000000001', N'PRMAECEN000000000002', N'PRMAECEN000000000002', N'PRMAECEN000000000014', N'PRMAECEN000000000002', N'PRMAECEN000000000001', N'PRMAECEN000000000014', N'PRMAECEN000000000009', N'PRMAECEN000000000001', N'PRMAECEN000000000002', N'PRMAECEN000000000001', N'PRMAECEN000000000001', N'PRMAECEN000000000002','PRMAECEN000000000001','','','',''),
(N'SLLAMCHI000000000015', '44444444', CAST(0xE2150B00 AS Date),  N'Jimenez', N'Luran', N'Frank', 1, N'98565896', N'joel@gmail.com', N'Leguia', N'145', N'Cois Este', N'ghghgh', N'145', 0, 0, N'PRMAECEN000000000014', N'PRMAECEN000000000001', 0, 0, 0, 0, 0, 0, 1, N'14141', N'PRMAECEN000000000001', N'PRMAECEN000000000001', N'PRMAECEN000000000005', 2000, 0, 0, 0,  1,'', '', '','','','No', N'PRMAECEN000000000001', N'PRMAECEN000000000002', N'PRMAECEN000000000020', N'PRMAECEN000000000016', N'PRMAECEN000000000004', N'PRMAECEN000000000020', N'PRMAECEN000000000002', N'PRMAECEN000000000020', N'PRMAECEN000000000001', N'PRMAECEN000000000002', N'PRMAECEN000000000002', N'PRMAECEN000000000014', N'PRMAECEN000000000002', N'PRMAECEN000000000001', N'PRMAECEN000000000014', N'PRMAECEN000000000009', N'PRMAECEN000000000001', N'PRMAECEN000000000002', N'PRMAECEN000000000001', N'PRMAECEN000000000001', N'PRMAECEN000000000002','PRMAECEN000000000001','','','','');
GO

/*
--TRABAJADORES
GO
INSERT INTO trabajadores(id, numero, fechanac, apellidopaterno, apellidomat, nombres, sexo, estadocivil, telefono, email, domiciliado, direccion, 
numerodireccion, interior, nombrezona, referencia, fechaingreso, fechacese, sede, establecimientolabora, regimenlaboral, remuneracionbi, numerocuenta,
discapacidad, sindicalizado, asignacionfamiliar, otrosingresosrqc, afiliadoeps, essaludvida, senati, sctrsalud, sctrpensiones, estudiosperu, anioegreso,rentaqc, tipodoccumentos_id,
tipovias_id, motivobajas_id, nacionalidades_id, tipotrabajador_id, ocupaciontrabajos_id, cargos_id, gerencias_id, tipocontratos_id, regoemituacioneducativas_id, situacions_id, jornadalaborals_id
) VALUES
('PRMAECEN000000000001', '45986154','02/02/1989' ,'ALAYA', 'GOICOCHEA', 'NIXON NICOLAS', '1', 'SOLTERO', '943670366', 'nixon_ag@hotmail.com', '01', 'xx',
 'S/N', 'xx', 'LA UNION', 'xx', '01/01/2017', '', 'RIOJA', 'CRT F. BELAUNDE T. KM.462 EL PORVENIR (PLANTA INDUSTRIAL RIOJA) SAN MARTIN - RIOJA – RIOJA', 
 '1', '1050', '43526522975001', '0', '0','1', '0', '0', '1', '0', '0', '0', 'SI','2011', '0', 'PRMAECEN000000000001', 'PRMAECEN000000000003', 'PRMAECEN000000000099', 'PRMAECEN000000000020', 'PRMAECEN000000000002', 'PRMAECEN000000000003',
 'PRMAECEN000000000001','PRMAECEN000000000001','PRMAECEN000000000003','PRMAECEN000000000001','PRMAECEN000000000008','PRMAECEN000000000003'); --8
 GO*/
 

 ---------------------------------------------------------------------------INSERCIONES DE LOGIN-------------------------------------------------------------------------------
 GO
INSERT INTO rols (id, nombre, activo) VALUES
('PRMAECEN000000000001','Super Admin', 1)
GO

INSERT INTO users (id, nombre, apellido,dni, name, email, password, activo, rol_id, trabajador_id) VALUES
('PRMAECEN000000000001', 'Cinthia Mirella', 'Vivanco Gonzales','44404775','admin','cinthia.1390.6@gmail.com','eyJpdiI6Ik9PNGhlR0d0bjFlVFwvZ1pCZTdtdFVBPT0iLCJ2YWx1ZSI6InA5UVl1NzF1U3ZkOFwvdmQxcU9UUHR3PT0iLCJtYWMiOiIwNzg3YTlhNjhjNjU3ZjkwN2Y2ZWM5M2IyYjI5OGQzYjZhOGZhMGMyMzIzZmMwN2ZjYTc5ODg3ODkyOGVlMzVmIn0='
, 1,'PRMAECEN000000000001','SLLAMCHI000000000001')
GO

INSERT INTO grupoopciones (id, nombre,icono, orden,activo) VALUES
('PRMAECEN000000000001', 'Usuarios','mdi-accounts-alt',1, 1),
('PRMAECEN000000000002', 'Personal','mdi-face',2, 1),
('PRMAECEN000000000003', 'Asistencia','mdi-watch',3, 1);

GO
INSERT INTO opciones (id, nombre,descripcion, pagina,activo, grupoopcion_id) VALUES
('PRMAECEN000000000001', 'Usuarios','Usuarios','gestion-de-usuarios', 1, 'PRMAECEN000000000001'),
('PRMAECEN000000000002', 'Roles','Roles','gestion-de-roles', 1,  'PRMAECEN000000000001'),
('PRMAECEN000000000003', 'Permisos','Permisos','gestion-de-permisos', 1, 'PRMAECEN000000000001'),

('PRMAECEN000000000004', 'Ficha Trabajador','Personal','gestion-de-trabajador', 1, 'PRMAECEN000000000002'),
('PRMAECEN000000000005', 'Baja Trabajador','BajaPersonal','gestion-baja-trabajador', 1, 'PRMAECEN000000000002'),

('PRMAECEN000000000006', 'Horario','Horario','gestion-de-horario', 1, 'PRMAECEN000000000003');
GO

INSERT INTO rolopciones (id, orden,ver, anadir,modificar, eliminar,todas, rol_id, opcion_id) VALUES
('PRMAECEN000000000001', 1, 1, 1, 1, 1, 1, 'PRMAECEN000000000001', 'PRMAECEN000000000001'),
('PRMAECEN000000000002', 2, 1, 1, 1, 1, 1, 'PRMAECEN000000000001', 'PRMAECEN000000000002'),
('PRMAECEN000000000003', 3, 1, 1, 1, 1, 1, 'PRMAECEN000000000001', 'PRMAECEN000000000003'),
('PRMAECEN000000000004', 4, 1, 1, 1, 1, 1, 'PRMAECEN000000000001', 'PRMAECEN000000000004'),
('PRMAECEN000000000005', 5, 1, 1, 1, 1, 1, 'PRMAECEN000000000001', 'PRMAECEN000000000005'),
('PRMAECEN000000000006', 6, 1, 1, 1, 1, 1, 'PRMAECEN000000000001', 'PRMAECEN000000000006');

GO

------------------------------------------------------------INSERCIONES DE LA FICHA DEL DERECHO HABIENTE ---------------------------------------------------------------------------

--VINCULO FAMILIA
GO
INSERT INTO vinculofamiliares(id, codigo, descripcion, descripcionabreviado) VALUES
('PRMAECEN000000000001', '02', 'CÓNYUGE', 'CÓNYUGE'),
('PRMAECEN000000000002', '03', 'CONCUBINA(O)', 'CONCUBINA(O)'),
('PRMAECEN000000000003', '04', 'GESTANTE', 'GESTANTE'),
('PRMAECEN000000000004', '05', 'HIJO MENOR DE EDAD', 'HIJO MENOR DE EDAD'),
('PRMAECEN000000000005', '06', 'HIJO MAYOR DE EDAD INCAPACITADO PERMANENTE', 'HIJO MAYOR EDAD INCAP PERM');

--TIPO BAJA

--TIPO DE DOCUMENTO QUE ACREDITA LA PATERNIDAD
GO
INSERT INTO tipodocumentoacreditas(id, codigo, descripcion, descripcionabreviado, vinculofamiliar_id) VALUES
('PRMAECEN000000000001','01','Acta/Partida Matrimonio Civil', 'Acta/Partida Matrimonio Civil','PRMAECEN000000000001'),
('PRMAECEN000000000002','01','Acta/Partida Matrimonio Inscrito en Registro Consular Peruano', 'Acta/Partida Matrimonio Insc. Registro Consular Peruano','PRMAECEN000000000001'),
('PRMAECEN000000000003','01','Acta/Partida Matrimonio Realizado en el Exterior', 'Acta/Partida Matrimonio Realizado en el Exterior','PRMAECEN000000000001'),

('PRMAECEN000000000004','02','Escritura Pública de Reconocimiento de la Unión de Hecho Ley N.° 29560', 'Escritura Pública de Recon. Unión Hecho Ley 29560','PRMAECEN000000000002'),
('PRMAECEN000000000005','02','Resolución Judicial de Reconocimiento de la Unión de Hecho', 'Res. Judicial de Reconocimiento Unión Hecho','PRMAECEN000000000002'),


('PRMAECEN000000000006','03','Escritura Pública', 'Escritura Pública','PRMAECEN000000000003'),
('PRMAECEN000000000007','03','Testamento', 'Testamento','PRMAECEN000000000003'),
('PRMAECEN000000000008','03','Sentencia de declaratoria de paternidad', 'Sentencia Declaratoria de Paternidad','PRMAECEN000000000003'),

('PRMAECEN000000000009','04','Acta Nac/Doc Análogo Sust Filiación', 'Acta Nac/Doc Análogo Sust Filiación','PRMAECEN000000000004'),

('PRMAECEN000000000010','05','Resolución de Incapacidad', 'Resolución de Incapacidad','PRMAECEN000000000005');

GO 


INSERT INTO tipobajas (id, codigo, descripcion, descripcionabreviado) VALUES
('PRMAECEN000000000001', '01',	'FALLECIMIENTO', 'FALLECIMIENTO'),
('PRMAECEN000000000002', '02',	'OTROS MOTIVOS NO PREVISTOS', 'OTROS MOTIVOS NO PREVISTOS'),
('PRMAECEN000000000003', '03',	'DIVORCIO O DISOLUCIÓN DE VÍNCULO MATRIMONIAL', 'DIVORCIO O DISOL. DE VÍNC MATRIM.'),
('PRMAECEN000000000004', '04',	'FIN DE CONCUBINATO', 'FIN DE CONCUBINATO'),
('PRMAECEN000000000005', '05',	'FIN DE LA GESTACIÓN', 'FIN DE LA GESTACIÓN'),
('PRMAECEN000000000006', '06',	'HIJO ADQUIERE MAYORÍA DE EDAD', 'HIJO ADQUIERE MAYORÍA DE EDAD'),
('PRMAECEN000000000007', '07',	'ERROR EN EL REGISTRO', 'ERROR EN EL REGISTRO'),
('PRMAECEN000000000008', '08',	'DERECHOHABIENTE ADQUIERE CONDICIÓN DE ASEGURADO REGULAR', 'DH ADQUIERE CONDIC DE ASEG REGULAR'),
('PRMAECEN000000000009', '09',	'NULO',	'NULO');
GO

------------------------------------------------------------------------INSERCIONES DE LA FICHA SOCIOECONÓMICA---------------------------------------------------------------

--TIPO VIVIENDA
GO
INSERT INTO tipoviviendas(id, descripcion) VALUES
('PRMAECEN000000000001','Propia'),
('PRMAECEN000000000002',  'Alquilada'),
('PRMAECEN000000000003', 'Departamento en Edificio'),
('PRMAECEN000000000004', 'Alojado en Casa de un Familia'),
('PRMAECEN000000000005', 'Cuarto'),
('PRMAECEN000000000006', 'Otros');

--PARTES DE LA CASA
GO
INSERT INTO casapartes(id, descripcion) VALUES
('PRMAECEN000000000001','Sala'), 
('PRMAECEN000000000002', 'Comedor'),
('PRMAECEN000000000003','Habitaciones'),
('PRMAECEN000000000004','Cocina'),
('PRMAECEN000000000005','Servicios Higiénicos');


--SERVICIOS DE LA CASA
GO
INSERT INTO servicios(id, descripcion) VALUES
('PRMAECEN000000000001','Agua'),
('PRMAECEN000000000002',  'Desagüe'),
('PRMAECEN000000000003', 'Luz Eléctrica'),
('PRMAECEN000000000004', 'Teléfono'),
('PRMAECEN000000000005', 'Internet'),
('PRMAECEN000000000006', 'Cable');

--ENFERMEDADES 
GO
INSERT INTO enfermedades(id, descripcion) VALUES
('PRMAECEN000000000001','Respiratorias'), 
('PRMAECEN000000000002', 'Cardiovascular'),
('PRMAECEN000000000003','Hipertensión'),
('PRMAECEN000000000004','Diabetes'),
('PRMAECEN000000000005','Migraña'),
('PRMAECEN000000000006','Otras');



--MATERIALES DE CONSTRUCCIÓN
GO
INSERT INTO construccionmateriales(id, descripcion) VALUES
('PRMAECEN000000000001','Ladrillo'),
('PRMAECEN000000000002',  'Adobe'),
('PRMAECEN000000000003', 'Madera'),
('PRMAECEN000000000004', 'Otros');


--CENTRO MÉDICO DÓNDE SE ATIENDE
GO
INSERT INTO centromedicos(id, descripcion) VALUES
('PRMAECEN000000000001','EsSalud'),
('PRMAECEN000000000002',  'Posta Médica'),
('PRMAECEN000000000003', 'Médico Particular');

--FRECUENCIA QUE VA AL MÉDICO
GO
INSERT INTO frecuenciamedicos(id, descripcion) VALUES
('PRMAECEN000000000001','Una vez por semana'),
('PRMAECEN000000000002','Mensualmente'),
('PRMAECEN000000000003',  'Anualmente'),
('PRMAECEN000000000004', 'Cuando se enferma');

--FRECUENCIA QUE SE REALIZA EXAMENES
GO
INSERT INTO frecuenciaexamenes(id, descripcion) VALUES
('PRMAECEN000000000001','Mensualmente'),
('PRMAECEN000000000002',  'Anualmente'),
('PRMAECEN000000000003', 'Cuando se enferma');







