--INSERCIONES DE LA FICHA DEL PERSONAL

--TIPO DE DOCUMENTO
GO
INSERT INTO tipodocumentos (id, identificador, descripcion, descripcionabreviado) VALUES
('ARCHICEN000000000001','1','Documento Nacional de Identidad', 'DNI'),
('ARCHICEN000000000002','2','Carnet de Extranjería', 'Carnet Ext'),
('ARCHICEN000000000003','3','Reg. Único De Contributentes (1)', 'RUC'),
('ARCHICEN000000000004','4','Pasaporte', 'Pasaporte'),
('ARCHICEN000000000005','5','Carnet De Solicit De Refugio', 'Carnet Solic refugio'),
('ARCHICEN000000000006','6','Partida De Nacimiento (2)', 'Part Nac');
GO

--TIPO DE ZONA  

INSERT INTO tipozonas (id, descripcion) VALUES
('ARCHICEN000000000001','URB. URBANIZACIÓN'),
('ARCHICEN000000000002','P.J. PUEBLO JOVEN'),
('ARCHICEN000000000003','U.V. UNIDAD VECINAL'),
('ARCHICEN000000000004','C.H. CONJUNTO HABITACIONAL'),
('ARCHICEN000000000005','A.H. ASENTAMIENTO HUMANO'),
('ARCHICEN000000000006','COO. COOPERATIVA'),
('ARCHICEN000000000007','RES. RESIDENCIAL'),
('ARCHICEN000000000008','Z.I. ZONA INDUSTRIAL'),
('ARCHICEN000000000009','GRU. GRUPO'),
('ARCHICEN000000000010','CAS. CASERÍO'),
('ARCHICEN000000000011','FND. FUNDO'),
('ARCHICEN000000000012','OTROS');

--TIPO DE VÍAS

GO
INSERT INTO tipovias (id,  tipo, tipozona_id) VALUES
('ARCHICEN000000000001','AVENIDA','ARCHICEN000000000001'),
('ARCHICEN000000000002','JIRÓN','ARCHICEN000000000001'),
('ARCHICEN000000000003','CALLE','ARCHICEN000000000001'),
('ARCHICEN000000000004','PASAJE','ARCHICEN000000000001'),
('ARCHICEN000000000005','ALAMEDA','ARCHICEN000000000001'),
('ARCHICEN000000000006','MALECÓN','ARCHICEN000000000001'),
('ARCHICEN000000000007','OVALO','ARCHICEN000000000001'),
('ARCHICEN000000000008','PARQUE','ARCHICEN000000000001'),
('ARCHICEN000000000009','PLAZA','ARCHICEN000000000001'),
('ARCHICEN000000000010','CARRETERA','ARCHICEN000000000001'),
('ARCHICEN000000000011','TROCHA','ARCHICEN000000000001'),
('ARCHICEN000000000012','CAMINO RURAL','ARCHICEN000000000001'),
('ARCHICEN000000000013','BAJADA','ARCHICEN000000000001'),
('ARCHICEN000000000014','GALERIA','ARCHICEN000000000001'),
('ARCHICEN000000000015','PROLONGACIÓN','ARCHICEN000000000001'),
('ARCHICEN000000000016','PASEO','ARCHICEN000000000001'),
('ARCHICEN000000000017','PLAZUELA','ARCHICEN000000000001'),
('ARCHICEN000000000018','PORTAL','ARCHICEN000000000001'),
('ARCHICEN000000000019','CAMINO AFIRMADO','ARCHICEN000000000001'),
('ARCHICEN000000000020','TROCHA CARROZABLE','ARCHICEN000000000001'),
('ARCHICEN000000000099','OTROS','ARCHICEN000000000001');

--MOTIVO DE BAJAS
GO
INSERT INTO motivobajas (id, codigo, descripcion, descripcionabreviada) VALUES
('ARCHICEN000000000001','1','RENUNCIA','RENUNCIA'),
('ARCHICEN000000000002','2','RENUNCIA CON INCENTIVOS','RENUNCIA CON INCENTIVOS'),
('ARCHICEN000000000003','3','DESPIDO O DESTITUCIÓN','DESPIDO O DESTITUCIÓN'),
('ARCHICEN000000000004','4','CESE COLECTIVO','CESE COLECTIVO'),
('ARCHICEN000000000005','5','JUBILACIÓN','JUBILACIÓN'),
('ARCHICEN000000000006','6','INVALIDEZ ABSOLUTA PERMANENTE','INVALIDEZ ABSOLUTA PERMANENTE'),
('ARCHICEN000000000007','7','TERMINACIÓN DE LA OBRA O SERVICIO, CUMPLIMIENTO CONDICIÓN RESOLUTORIA O VENCIMIENTO DEL PLAZO','TERMINACIÓN DE LA OBRA O SERVICIO, CUMPLIMIENTO CONDICIÓN RESOLUTORIA O VENCIMIENTO DEL PLAZO'),
('ARCHICEN000000000008','8','MUTUO DISENSO','MUTUO DISENSO'),
('ARCHICEN000000000009','9','FALLECIMIENTO','FALLECIMIENTO'),
('ARCHICEN000000000010','10','SUSPENSIÓN DE LA PENSIÓN (1)','SUSPENSIÓN DE LA PENSIÓN'),
('ARCHICEN000000000011','11','REASIGNACIÓN SERVIDOR DE LA ADMINISTRACIÓN PÚBLICA(2)','REASIGNACIÓN'),
('ARCHICEN000000000012','12','PERMUTA SERVIDOR DE LA ADMINISTRACIÓN PÚBLICA (2)','PERMUTA'),
('ARCHICEN000000000013','13','TRANSFERENCIA SERVIDOR DE LA ADMINISTRACIÓN PÚBLICA (2)','TRANSFERENCIA'),
('ARCHICEN000000000014','14','BAJA POR SUCESIÓN EN POSICIÓN DEL EMPLEADOR','BAJA POR SUC. EN POSIC DEL EMPLEADOR'),
('ARCHICEN000000000015','15','EXTINCIÓN O LIQUIDACIÓN DEL EMPLEADOR','EXTINCIÓN O LIQUID. DEL EMPLEADOR'),
('ARCHICEN000000000016','16','OTROS MOTIVOS DE CADUCIDAD DE LA PENSIÓN (1)','OTR MOTIV CADUC PENSIÓN'),
('ARCHICEN000000000017','17','NO SE INICIÓ LA RELACIÓN LABORAL O PRESTACIÓN EFECTIVA DE SERVICIOS','NO SE INICIÓ LA REL.  LABORAL O PREST. DE SERVICIOS'),
('ARCHICEN000000000018','18','LÍMITE DE EDAD 70 AÑOS','LÍMITE DE EDAD 70 AÑOS'),
('ARCHICEN000000000019','19','OTRAS CAUSALES RÉGIMEN PÚBLICO GENERAL SERVICIO CIVIL - LEY 30057','OTRAS CAUSALES - LEY 30057'),
('ARCHICEN000000000020','20','INHABILITACIÓN PARA EL EJERCICIO PROFESIONAL O DE LA FUNCIÓN PÚBLICA POR MÁS DE TRES MESES - LEY 30057','INHABILITAC. PARA EJERC. PROF. O FUNC. PÚB. POR MÁS DE 3 MESES - LEY 30057'),
('ARCHICEN000000000021','21','NINGUNO', 'NINGUNO'),
('ARCHICEN000000000099','99','SIN VÍNCULO LABORAL - HABILITADO PARA PDT PLAME','SVL -HABILITADO PARA PDT PLAME (3)');

GO

--NACIONALIDADES
GO
INSERT INTO nacionalidades (id,  codigo, nombre) VALUES
('ARCHICEN000000000001','9063','ARGENTINA'),
('ARCHICEN000000000002','9097',	'BOLIVIA'),
('ARCHICEN000000000003','9105',	'BRASIL'),
('ARCHICEN000000000026','9211','CHILE'),
('ARCHICEN000000000004','9169',	'COLOMBIA'),
('ARCHICEN000000000005','9196',	'COSTA RICA'),
('ARCHICEN000000000006','9199',	'CUBA'),
('ARCHICEN000000000007','9239',	'ECUADOR'),
('ARCHICEN000000000008','9242',	'EL SALVADOR'),
('ARCHICEN000000000009','9325', 'GUAYANA FRANCESA'),
('ARCHICEN000000000010','9297','GRANADA'),
('ARCHICEN000000000011','9317','GUATEMALA'),
('ARCHICEN000000000012','9337',	'GUYANA'),
('ARCHICEN000000000013','9341',	'HAITI'),
('ARCHICEN000000000014','9345',	'HONDURAS'),
('ARCHICEN000000000015','9391', 'JAMAICA'),
('ARCHICEN000000000016','9493',	'MEXICO'),
('ARCHICEN000000000017','9521',	'NICARAGUA'),
('ARCHICEN000000000018','9586',	'PARAGUAY'),
('ARCHICEN000000000019','9580',	'PANAMA'),
('ARCHICEN000000000020','9589',	'PERÚ'),
('ARCHICEN000000000021','9611',	'PUERTO RICO'),
('ARCHICEN000000000022','9647',	'REPUBLICA DOMINICANA'),
('ARCHICEN000000000023','9770',	'SURINAM'),
('ARCHICEN000000000024','9845',	'URUGUAY'),
('ARCHICEN000000000025','9850',	'VENEZUELA');
GO

--PAISES
GO
INSERT INTO paises (id,  codigo, nombre) VALUES
('ARCHICEN000000000001','9063','ARGENTINA'),
('ARCHICEN000000000002','9097',	'BOLIVIA'),
('ARCHICEN000000000003','9105',	'BRASIL'),
('ARCHICEN000000000026','9211','CHILE'),
('ARCHICEN000000000004','9169',	'COLOMBIA'),
('ARCHICEN000000000005','9196',	'COSTA RICA'),
('ARCHICEN000000000006','9199',	'CUBA'),
('ARCHICEN000000000007','9239',	'ECUADOR'),
('ARCHICEN000000000008','9242',	'EL SALVADOR'),
('ARCHICEN000000000009','9325', 'GUAYANA FRANCESA'),
('ARCHICEN000000000010','9297','GRANADA'),
('ARCHICEN000000000011','9317','GUATEMALA'),
('ARCHICEN000000000012','9337',	'GUYANA'),
('ARCHICEN000000000013','9341',	'HAITI'),
('ARCHICEN000000000014','9345',	'HONDURAS'),
('ARCHICEN000000000015','9391', 'JAMAICA'),
('ARCHICEN000000000016','9493',	'MEXICO'),
('ARCHICEN000000000017','9521',	'NICARAGUA'),
('ARCHICEN000000000018','9586',	'PARAGUAY'),
('ARCHICEN000000000019','9580',	'PANAMA'),
('ARCHICEN000000000020','9589',	'PERÚ'),
('ARCHICEN000000000021','9611',	'PUERTO RICO'),
('ARCHICEN000000000022','9647',	'REPUBLICA DOMINICANA'),
('ARCHICEN000000000023','9770',	'SURINAM'),
('ARCHICEN000000000024','9845',	'URUGUAY'),
('ARCHICEN000000000025','9850',	'VENEZUELA');
GO
--DEPARTAMENTOS

GO
INSERT INTO departamentos (id, nombre) VALUES
('ARCHICEN000000000001', 'Amazonas'),
('ARCHICEN000000000002', 'Ancash'),
('ARCHICEN000000000003', 'Apurimac'),
('ARCHICEN000000000004', 'Arequipa'),
('ARCHICEN000000000005', 'Ayacucho'),
('ARCHICEN000000000006', 'Cajamarca'),
('ARCHICEN000000000007', 'Callao'),
('ARCHICEN000000000008', 'Cusco'),
('ARCHICEN000000000009', 'Huancavelica'),
('ARCHICEN000000000010', 'Huanuco'),
('ARCHICEN000000000011', 'Ica'),
('ARCHICEN000000000012', 'Junin'),
('ARCHICEN000000000013', 'La Libertad'),
('ARCHICEN000000000014', 'Lambayeque'),
('ARCHICEN000000000015', 'Lima'),
('ARCHICEN000000000016', 'Loreto'),
('ARCHICEN000000000017', 'Madre De Dios'),
('ARCHICEN000000000018', 'Moquegua'),
('ARCHICEN000000000019', 'Pasco'),
('ARCHICEN000000000020', 'Piura'),
('ARCHICEN000000000021', 'Puno'),
('ARCHICEN000000000022', 'San Martin'),
('ARCHICEN000000000023', 'Tacna'),
('ARCHICEN000000000024', 'Tumbes'),
('ARCHICEN000000000025', 'Ucayali');
GO

--PROVINCIAS

INSERT INTO provincias (id, ubigeo, nombre, departamento_id) VALUES
('ARCHICEN000000000001', '1401','Chiclayo','ARCHICEN000000000014'),
('ARCHICEN000000000002', '1402', 'Ferreñafe','ARCHICEN000000000014'),
('ARCHICEN000000000003', '1403', 'Lambayeque','ARCHICEN000000000014'),
('ARCHICEN000000000004', '1501', 'Lima', 'ARCHICEN000000000015'),		
('ARCHICEN000000000005', '1502', 'Barranca', 'ARCHICEN000000000015'),		
('ARCHICEN000000000006', '1503', 'Cajatambo', 'ARCHICEN000000000015'),		
('ARCHICEN000000000007', '1504', 'Canta', 'ARCHICEN000000000015'),		
('ARCHICEN000000000008', '1505', 'Cañete', 'ARCHICEN000000000015'),		
('ARCHICEN000000000009', '1506', 'Huaral', 'ARCHICEN000000000015'),		
('ARCHICEN000000000010', '1507', 'Huarochirí', 'ARCHICEN000000000015'),		
('ARCHICEN000000000011', '1508', 'Huaura', 'ARCHICEN000000000015'),	
('ARCHICEN000000000012', '1509', 'Oyón', 'ARCHICEN000000000015'),		
('ARCHICEN000000000013', '1510', 'Yauyos', 'ARCHICEN000000000015');


--DISTRITOS
INSERT INTO distritos (id, nombre, provincia_id) VALUES
('ARCHICEN000000000001', 'CAYALTÍ', 'ARCHICEN000000000001'),
('ARCHICEN000000000002', 'CHICLAYO', 'ARCHICEN000000000001'),
('ARCHICEN000000000003', 'CHONGOYAPE', 'ARCHICEN000000000001'),
('ARCHICEN000000000004', 'ETEN', 'ARCHICEN000000000001'),
('ARCHICEN000000000005', 'JOSÉ LEONARDO ORTIZ', 'ARCHICEN000000000001'),
('ARCHICEN000000000006', 'LA VICTORIA', 'ARCHICEN000000000001'),
('ARCHICEN000000000007', 'LAGUNAS', 'ARCHICEN000000000001'),
('ARCHICEN000000000008', 'MONSEFÚ', 'ARCHICEN000000000001'),
('ARCHICEN000000000009', 'NUEVA ARICA', 'ARCHICEN000000000001'),
('ARCHICEN000000000010', 'OYOTÚN', 'ARCHICEN000000000001'),
('ARCHICEN000000000011', 'PÁTAPO', 'ARCHICEN000000000001'),
('ARCHICEN000000000012', 'PICSI', 'ARCHICEN000000000001'),
('ARCHICEN000000000013', 'PIMENTEL', 'ARCHICEN000000000001'),
('ARCHICEN000000000014', 'POMALCA', 'ARCHICEN000000000001'),
('ARCHICEN000000000015', 'PUCALÁ', 'ARCHICEN000000000001'),
('ARCHICEN000000000016', 'PUERTO ETEN', 'ARCHICEN000000000001'),
('ARCHICEN000000000017', 'REQUE', 'ARCHICEN000000000001'),
('ARCHICEN000000000018', 'SANTA ROSA', 'ARCHICEN000000000001'),
('ARCHICEN000000000019', 'TUMÁN', 'ARCHICEN000000000001'),
('ARCHICEN000000000020', 'ZAÑA', 'ARCHICEN000000000001'),
('ARCHICEN000000000021', 'PÍTIPO', 'ARCHICEN000000000002'),
('ARCHICEN000000000022', 'FERREÑAFE', 'ARCHICEN000000000002'),
('ARCHICEN000000000023', 'INCAHUASI', 'ARCHICEN000000000002'),
('ARCHICEN000000000024', 'KAÑARIS', 'ARCHICEN000000000002'),
('ARCHICEN000000000025', 'MANUEL ANTONIO MESONES MURO', 'ARCHICEN000000000002'),
('ARCHICEN000000000026', 'PUEBLO NUEVO', 'ARCHICEN000000000002'),
('ARCHICEN000000000027', 'CHOCHOPE', 'ARCHICEN000000000003'),
('ARCHICEN000000000028', 'ILLIMO', 'ARCHICEN000000000003'),
('ARCHICEN000000000029', 'JAYANCA', 'ARCHICEN000000000003'),
('ARCHICEN000000000030', 'LAMBAYEQUE', 'ARCHICEN000000000003'),
('ARCHICEN000000000031', 'MOCHUMÍ', 'ARCHICEN000000000003'),
('ARCHICEN000000000032', 'MÓRROPE', 'ARCHICEN000000000003'),
('ARCHICEN000000000033', 'MOTUPE', 'ARCHICEN000000000003'),
('ARCHICEN000000000034', 'OLMOS', 'ARCHICEN000000000003'),
('ARCHICEN000000000035', 'PACORA', 'ARCHICEN000000000003'),
('ARCHICEN000000000036', 'SALAS', 'ARCHICEN000000000003'),
('ARCHICEN000000000037', 'SAN JOSÉ', 'ARCHICEN000000000003'),
('ARCHICEN000000000038', 'TÚCUME', 'ARCHICEN000000000003');

--SEDES


GO
--TIPO DE TRABAJADORES

INSERT INTO tipotrabajadores (id, codigo, descripcion, descripcionabreviada, sectorprivado, sectorpublico, otrasentidades) VALUES
('ARCHICEN000000000001', '19', 'EJECUTIVO',	'EJECUTIVO', 'A', 'N.A','A'),
('ARCHICEN000000000002', '20', 'OBRERO', 'OBRERO', 'A', 'A' ,'A'),
('ARCHICEN000000000003', '21', 'EMPLEADO',	'EMPLEADO',	'A', 'N.A','A'),
('ARCHICEN000000000004', '22', 'TRABAJADOR PORTUARIO - LEY 27866',	'TRAB.PORTUARIO','A', 'N.A', 'A'),
('ARCHICEN000000000005', '23', 'PRACTICANTE SENATI - DEC. LEY 20151', 'PRACT. SENATI', 'A',	'N.A' ,'A'),
('ARCHICEN000000000006', '24', 'PENSIONISTA O CESANTE',	'PENSIONISTA O CESANTE', 'A', 'A' ,'A'),
('ARCHICEN000000000007', '25', 'BENEFICIARIO DE TRANSF DIRECTA EX PESCADPRES',	'BENEFICIARIO DE TDEP',	'NA', 'A','N.A'),
('ARCHICEN000000000008', '26', 'PENSIONISTA - LEY 28320', 'PENSIONISTA - LEY 28320', 'A', 'N.A', 'A'),
('ARCHICEN000000000009', '27', 'CONSTRUCCIÓN CIVIL', 'CONSTRUCCIÓN CIVIL', 'A', 'A', 'A'),
('ARCHICEN000000000010', '28', 'PILOTO Y COPILOTO DE AVIACIÓN COMERCIAL',	'PILOTO Y COPIL DE AVIA. COM.',	'A', 'N.A', 'A'),
('ARCHICEN000000000011', '29', 'MARÍTIMO, FLUVIAL O LACUSTRE',	'MARÍT, FLUVIAL O LACUSTRE', 'A', 'N.A'	,'A'),
('ARCHICEN000000000012', '30', 'PERIODISTA', 'PERIODISTA', 'A', 'N.A', 'A'),
('ARCHICEN000000000013', '31', 'TRABAJADOR DE LA INDUSTRIA DE CUERO',	'TRAB. DE LA IND. DE CUERO', 'A', 'N.A', 'A'),
('ARCHICEN000000000014', '32', 'MINERO DE MINA DE SOCAVÓN',	'MINERO DE SOCAVÓN', 'A', 'N.A', 'A'),
('ARCHICEN000000000015', '36', 'TRABAJADOR PESQUERO',  'TRABAJADOR PESQUERO', 'A', 'N.A', 'A'),
('ARCHICEN000000000016', '37', 'MINERO DE TAJO ABIERTO', 'MINERO DE TAJO ABIERTO', 'A', 'N.A', 'A'),
('ARCHICEN000000000017', '38', 'MINERO DE INDUSTRIA MINERA METALÚRGICA Y/O SIDERÚRGICA', 'MINERO IND. MINERA METAL. Y/O SIDERUR', 'A', 'N.A',	'A'),
('ARCHICEN000000000018', '39', 'TRABAJADOR PESQUERO – LEY 30003',	'TRAB. PESQUEROS – LEY 28320',	'A', 'N.A', 'A'),
('ARCHICEN000000000019', '56', 'ARTISTA -  LEY 28131',	'ARTISTA -  LEY 28131',	'A', 'N.A' ,'A'),
('ARCHICEN000000000020', '64', 'AGRARIO DEPENDIENTE - LEY 27360',	'AGRARIO DEPEND.- LEY 27360','A',	'A', 'A'),
('ARCHICEN000000000021', '65', 'TRABAJADOR ACTIVIDAD ACUÍCOLA - LEY 27460',	'TRAB. ACTIV.ACUÍCOLA LEY 27460',	'A', 'A', 'A'),
('ARCHICEN000000000022', '66', 'PESCADOR Y PROCESADOR ARTESANAL INDEPENDIENTE  - LEY 27177',  'PESC.Y PROC.ARTES.INDEP.',	'A',	'N.A'	,'N.A'),
('ARCHICEN000000000023', '67', 'REGIMEN  ESPECIAL D. LEG.1057 - CAS	REG.', 'ESPECIAL D. LEG.1057 - CAS',	'N.A',	'A'	,'A'),
('ARCHICEN000000000024', '71', 'CONDUCTOR DE MICROEMPRESA REMYPE - D.LEG.1086',	'CONDUCT MICROEMP.REMYPE D.L.1086',	'A', 'N.A',	'N.A'),
('ARCHICEN000000000025', '73', 'SOCIO DE COOPERATIVA AGRARIA – LEY N.° 29972',	'SOCIO COOPER. AGRAR. – LEY N.° 29972',	'A', 'N.A',	'N.A'),
('ARCHICEN000000000026', '82', 'FUNCIONARIO PÚBLICO',	'FUNCIONARIO PÚBLICO',	'NA', 'A', 'A'),
('ARCHICEN000000000027', '83', 'EMPLEADO DE CONFIANZA',	'EMPLEADO DE CONFIANZA', 'NA', 'A'	,'A'),
('ARCHICEN000000000028', '84', 'SERVIDOR PÚBLICO - DIRECTIVO  SUPERIOR', 'SERVIDOR PÚB - DIRECT SUPERIOR',	'N.A',	'A'	,'A'),
('ARCHICEN000000000029', '85', 'SERVIDOR PÚBLICO - EJECUTIVO', 'SERVIDOR PÚB - EJECUTIVO',	'N.A'	,'A' , 'A'),
('ARCHICEN000000000030', '86', 'SERVIDOR PÚBLICO - ESPECIALISTA', 'SERVIDOR PÚB - ESPECIALISTA',	'N.A',	'A'	,'A'),
('ARCHICEN000000000031', '87', 'SERVIDOR PÚBLICO - DE APOYO',	'SERVIDOR PÚB - DE APOYO',	'N.A',	'A', 'A'),
('ARCHICEN000000000032', '88', 'PERSONAL DE LA ADMIN. PÚBLICA - ASIGNACIÓN ESPECIAL - D.U. 126-2001', 'PERS ADM PÚB - ASIG ESP DU 126-2001','N.A',	'A'	,'N.A'),
('ARCHICEN000000000033', '89', 'PERSONAL DE LAS FUERZAS ARMADAS Y POLICIALES (1)',	'PERS DE LAS FFAA Y POLICIALES','N.A',	'A'	,'N.A'),
('ARCHICEN000000000034', '90', 'GERENTES PÚBLICOS  - D. LEG. 1024',	'GERENTES PÚB.  - D.LEG 1024',	'N.A',	'A'	,'A'),
('ARCHICEN000000000035', '91', 'MIIEMBROS DE OTROS REG. ESPECIALES DEL SECTOR PÚBLICO',	'MIIEMBROS DE OTROS REG. ESPEC S.PUBLICO',	'N.A',	'A'	,'A'),
('ARCHICEN000000000036', '92', 'FUNCIONARIO PUBLICO - LEY 30057',	'FUNCIONARIO PÚBLICO - LEY 30057',	'N.A',	'A', 'A'),
('ARCHICEN000000000037', '93', 'DIRECTIVO PÚBLICO - LEY 30057',	'DIRECTIVO PÚBLICO - LEY 30057', 'N.A','A','A'),
('ARCHICEN000000000038', '94', 'SERVIDOR CIVIL DE CARRERA - LEY 30057',	'SERVIDOR CIVIL DE CARRERA - LEY 30057',	'N.A',	'A'	,'A'),
('ARCHICEN000000000039', '95', 'SERVIDOR DE ACTIVIDADES COMPLEMENTARIAS - LEY 30057', 'SERVIDOR DE ACT. COMPLEM. - LEY 30057', 'N.A', 'A'	,'A'),
('ARCHICEN000000000040', '96', 'MAGISTERIO - LEY 29944', 'MAGISTERIO - LEY 29944', 'N.A', 'A', 'A'),
('ARCHICEN000000000041', '98', 'PERSONA QUE GENERA INGRESOS DE CUARTA - QUINTA CATEGORÍA',	'CUARTA - QUINTA CATEGORÍA','A', 'A', 'A');

--CATEGORÍA OCUPACIONAL
GO
INSERT INTO categoriacupacionals (id, codigo, descripcion, sectorprivado, sectorpublico, otrasentidades) VALUES
('ARCHICEN000000000001', '01', 'EJECUTIVO',	'A', 'N.A',	'A'),
('ARCHICEN000000000002', '02', 'OBRERO',	'A', 'N.A',	'A'),
('ARCHICEN000000000003', '03', 'EMPLEADO',	'A', 'N.A',	'A'),
('ARCHICEN000000000004', '11', 'FUNCIONARIO ',	'N.A',	'A', 'A'),
('ARCHICEN000000000005', '12', 'PROFESIONAL', 'N.A', 'A', 'A'),
('ARCHICEN000000000006', '13', 'TÉCNICO',	'N.A',	'A', 'A'),
('ARCHICEN000000000007', '14', 'AUXILIAR',	'N.A',	'A', 'A'),
('ARCHICEN000000000008', '21', 'FUNCIONARIO PÚBLICO - LEY 30057', 'N.A', 'A', 'A'),
('ARCHICEN000000000009', '22', 'DIRECTIVO PÚBLICO - LEY 30057',	'N.A',	'A', 'A'),
('ARCHICEN000000000010', '23', 'SERVIDOR CIVIL DE CARRERA - LEY 30057',	'N.A',	'A', 'A'),
('ARCHICEN000000000011', '24', 'SERVIDOR DE ACTIVIDADES COMPLEMENTARIAS - LEY 30057', 'N.A', 'A', 'A');

GO
--OCUPACIÓN TRABAJO(FALTA NO ESTA EN EL CUADRO)

INSERT INTO ocupaciontrabajos (id, codigo, nombre, categoriacupacional_id) VALUES
('ARCHICEN000000000001', '987020', 'PEON DE CARGA, AVIONES','ARCHICEN000000000002'),
('ARCHICEN000000000002', '987021', 'PEON DE CARGA, BUQUES', 'ARCHICEN000000000002'),
('ARCHICEN000000000003', '987022', 'PEON DE CARGA, BUQUES CISTERNA/GASES','ARCHICEN000000000002'),
('ARCHICEN000000000004', '987023', 'PEON DE CARGA, BUQUES CISTERNA/LIQUIDOS','ARCHICEN000000000002'),
('ARCHICEN000000000005', '987024', 'PEON DE CARGA, EMPRESAS DE MUDANZAS','ARCHICEN000000000002'),
('ARCHICEN000000000006', '987025', 'PEON PORTUARIO','ARCHICEN000000000002'),
('ARCHICEN000000000007', '999001', 'OCUPACION NO ESPECIFICADA','ARCHICEN000000000002'),
('ARCHICEN000000000008', '999101', 'PROFESOR QUE EJERCE CARGO JERÁRQUICO','ARCHICEN000000000002'),
('ARCHICEN000000000009', '999102', 'DIRECTOR O JEFE DE GESTIÓN PEDAGÓGICA','ARCHICEN000000000002'),
('ARCHICEN000000000010', '999103', 'ESPECIALISTA EN EDUCACIÓN','ARCHICEN000000000002'),
('ARCHICEN000000000011', '999104', 'SUBDIRECTOR DE INSTITUCIÓN EDUCATIVA','ARCHICEN000000000002'),
('ARCHICEN000000000012', '999105', 'PROFESOR QUE REALIZA FUNCIONES DE FORMACIÓN DOCENTE','ARCHICEN000000000002'),
('ARCHICEN000000000013', '999106', 'PROFESOR QUE REALIZA FUNCIONES DE INNOVACIÓN E INVESTIGACIÓN','ARCHICEN000000000002');
GO
--ÁREAS

INSERT INTO areas (id, nombre) VALUES
('ARCHICEN000000000001', 'ACOPIO'),
('ARCHICEN000000000002', 'ADMINISTRACION'),
('ARCHICEN000000000003', 'ALMACEN'),
('ARCHICEN000000000004', 'AUDITORIA'),
('ARCHICEN000000000005', 'BLENS'),
('ARCHICEN000000000006', 'COMPACTADO'),
('ARCHICEN000000000007', 'CONTABILIDAD'),
('ARCHICEN000000000008', 'CONTROL DE CALIDAD'),
('ARCHICEN000000000009', 'DESPACHOS'),
('ARCHICEN000000000010', 'DIRECTORIO '),
('ARCHICEN000000000011', 'EMBOLSADO'),
('ARCHICEN000000000012', 'FINANZAS'),
('ARCHICEN000000000013', 'LOGISTICA'),
('ARCHICEN000000000014', 'MANTENIMIENTO'),
('ARCHICEN000000000015', 'OPERACIONES LIMA'),
('ARCHICEN000000000016', 'PILADO'),
('ARCHICEN000000000017', 'PRODUCCION GENERAL'),
('ARCHICEN000000000018', 'RECURSOS HUMANOS'),
('ARCHICEN000000000019', 'REPROCESO'),
('ARCHICEN000000000020', 'SANEAMIENTO'),
('ARCHICEN000000000021', 'SECADO'),
('ARCHICEN000000000022', 'SEGURIDAD Y SALUD EN EL TRABAJO'),
('ARCHICEN000000000023', 'SISTEMAS'),
('ARCHICEN000000000024', 'TESORERIA'),
('ARCHICEN000000000025', 'VENTAS'),
('ARCHICEN000000000026', 'VIGILANCIA');

--CARGO
GO
INSERT INTO cargos (id, codigo, nombre) VALUES
('ARCHICEN000000000001', '987020', 'ACOPIADOR'),
('ARCHICEN000000000002', '987020', 'ADMINISTRADOR DE BASE DE DATOS'),
('ARCHICEN000000000003', '987020', 'AGENTE DE SEGURIDAD'),
('ARCHICEN000000000004', '987020', 'AGENTE DE VENTAS'),
('ARCHICEN000000000005', '987020', 'ALMACENERO'),
('ARCHICEN000000000006', '987020', 'ANALISTA DE CONTABILIDAD'),
('ARCHICEN000000000007', '987020', 'ANALISTA DE CONTROL INTERNO'),
('ARCHICEN000000000008', '987020', 'ANALISTA DE FONDOS'),
('ARCHICEN000000000009', '987020', 'ANALISTA PROGRAMADOR DE SISTEMAS'),
('ARCHICEN000000000010', '987020', 'ASISTENTE ADMINISTRATIVO'),
('ARCHICEN000000000011', '987020', 'ASISTENTE DE ALMACEN'),
('ARCHICEN000000000012', '987020', 'ASISTENTE DE ASEGURAMIENTO DE CALIDAD'),
('ARCHICEN000000000013', '987020', 'ASISTENTE DE ATENCION AL COLABORADOR'),
('ARCHICEN000000000014', '987020', 'ASISTENTE DE AUDITORIA DE ASEGURAMIENTO DE CALIDAD'),
('ARCHICEN000000000015', '987020', 'ASISTENTE DE BALANZA'),
('ARCHICEN000000000016', '987020', 'ASISTENTE DE CONTABILIDAD'),
('ARCHICEN000000000017', '987020', 'ASISTENTE DE CONTROL INTERNO'),
('ARCHICEN000000000018', '987020', 'ASISTENTE DE DESPACHO ZONA BELLAVISTA'),
('ARCHICEN000000000019', '987020', 'ASISTENTE DE GERENCIA DE FINANZAS Y ADMINISTRACION'),
('ARCHICEN000000000020', '987020', 'ASISTENTE DE GERENCIA GENERAL'),
('ARCHICEN000000000021', '987020', 'ASISTENTE DE GESTION ADMINISTRATIVA'),
('ARCHICEN000000000022', '987020', 'ASISTENTE DE LOGISTICA'),
('ARCHICEN000000000023', '987020', 'ASISTENTE DE MANTENIMIENTO'),
('ARCHICEN000000000024', '987020', 'ASISTENTE DE PLANILLAS Y PROCESOS FORMALES'),
('ARCHICEN000000000025', '987020', 'ASISTENTE DE PRODUCCIÓN'),
('ARCHICEN000000000026', '987020', 'ASISTENTE DE RECEPCION'),
('ARCHICEN000000000027', '987020', 'ASISTENTE DE SANEAMIENTO'),
('ARCHICEN000000000028', '987020', 'ASISTENTE DE TESORERIA'),
('ARCHICEN000000000029', '987020', 'ASISTENTE DE VENTAS'),
('ARCHICEN000000000030', '987020', 'ASISTENTE DE VENTAS DE ZONAS'),
('ARCHICEN000000000031', '987020', 'ASISTENTE DE VENTAS EN DELIVERY'),
('ARCHICEN000000000032', '987020', 'AUDITOR'),
('ARCHICEN000000000033', '987020', 'AUXLIAR DE ALMACEN'),
('ARCHICEN000000000034', '987020', 'AYUDANTE DE CHOFER'),
('ARCHICEN000000000035', '987020', 'CAJERO'),
('ARCHICEN000000000036', '987020', 'CAJERO ZONA RIOJA'),
('ARCHICEN000000000037', '987020', 'CONDUCTOR'),
('ARCHICEN000000000038', '987020', 'COORDINADOR  DE DESPACHOS'),
('ARCHICEN000000000039', '987020', 'COORDINADOR DE CALIDAD-CÁSCARA'),
('ARCHICEN000000000040', '987020', 'COORDINADOR DE COMPRAS'),
('ARCHICEN000000000041', '987020', 'COORDINADOR DE DESPACHOS'),
('ARCHICEN000000000042', '987020', 'COORDINADOR DE OPERACIONES'),
('ARCHICEN000000000043', '987020', 'COORDINADOR DE SISTEMAS'), 
('ARCHICEN000000000044', '987020', 'COORDINADOR DE VENTAS CANAL AUTOSERVICIO '),
('ARCHICEN000000000045', '987020', 'COORDINADOR DE VENTAS DEL CANAL CORPORATIVO'),
('ARCHICEN000000000046', '987020', 'COORDINADOR DE VENTAS DEL CANAL HORECA'),
('ARCHICEN000000000047', '987020', 'FACTURADOR'),
('ARCHICEN000000000048', '987020', 'GERENTE DE AUDITORIA INTERNA'),
('ARCHICEN000000000049', '987020', 'GERENTE DE COMERCIALIZACION'),
('ARCHICEN000000000050', '987020', 'GERENTE DE FINANZAS Y ADMINISTRACION'),
('ARCHICEN000000000051', '987020', 'GERENTE DE OPERACIONES LIMA'),
('ARCHICEN000000000052', '987020', 'GERENTE DE PRODUCCION'),
('ARCHICEN000000000053', '987020', 'GERENTE DE PROYECTOS'),
('ARCHICEN000000000054', '987020', 'GERENTE DE SISTEMAS'),
('ARCHICEN000000000055', '987020', 'GERENTE DE VENTA NORTE'),
('ARCHICEN000000000056', '987020', 'GERENTE GENERAL'),
('ARCHICEN000000000057', '987020', 'JEFA DE CONTROL ADMINISTRATIVO'),
('ARCHICEN000000000058', '987020', 'JEFA DE CONTROL DE CALIDAD'),
('ARCHICEN000000000059', '987020', 'JEFA DE VENTAS'),
('ARCHICEN000000000060', '987020', 'JEFE ACOPIO ZONA BELLAVISTA'),
('ARCHICEN000000000061', '987020', 'JEFE DE ACOPIO '),
('ARCHICEN000000000062', '987020', 'JEFE DE ASEGURAMIENTO DE CALIDAD'),
('ARCHICEN000000000063', '987020', 'JEFE DE CONTABILIDAD'),
('ARCHICEN000000000064', '987020', 'JEFE DE CONTROL ADMINISTRATIVO ZONA RIOJA'),
('ARCHICEN000000000065', '987020', 'JEFE DE GESTION ADMINISTRATIVA Y CONTROL INTERNO'),
('ARCHICEN000000000066', '987020', 'JEFE DE LOGISTICA INTEGRAL'),
('ARCHICEN000000000067', '987020', 'JEFE DE MANTENIMIENTO'),
('ARCHICEN000000000068', '987020', 'JEFE DE OPERACIONES BELLAVISTA'),
('ARCHICEN000000000069', '987020', 'JEFE DE OPERACIONES RIOJA'),
('ARCHICEN000000000070', '987020', 'JEFE DE PLANTA'),
('ARCHICEN000000000071', '987020', 'JEFE DE RECURSOS HUMANOS'),
('ARCHICEN000000000072', '987020', 'JEFE DE TESORERIA'),
('ARCHICEN000000000073', '987020', 'JEFE DE VENTAS CANAL MAYORISTA'),
('ARCHICEN000000000074', '987020', 'MENSAJERO'),
('ARCHICEN000000000075', '987020', 'OPERADOR DE COMPACTADO'),
('ARCHICEN000000000076', '987020', 'OPERADOR DE MAQUINA SECADO'),
('ARCHICEN000000000077', '987020', 'OPERADOR DE MÁQUINA-EMBOLSADO'),
('ARCHICEN000000000078', '987020', 'OPERADOR DE MONTACARGA'),
('ARCHICEN000000000079', '987020', 'OPERADOR DE PILADO'),
('ARCHICEN000000000080', '987020', 'OPERADOR DE PRELIMPIA'),
('ARCHICEN000000000081', '987020', 'OPERADOR DE REPROCESO'),
('ARCHICEN000000000082', '987020', 'OPERADOR DE SECADO'),
('ARCHICEN000000000083', '987020', 'OPERARIO DE COMPACTADO'),
('ARCHICEN000000000084', '987020', 'OPERARIO DE DESPACHO'),
('ARCHICEN000000000085', '987020', 'OPERARIO DE EMBOLSADO'),
('ARCHICEN000000000086', '987020', 'OPERARIO DE LIMPIEZA'),
('ARCHICEN000000000087', '987020', 'OPERARIO DE LIMPIEZA SECADO'),
('ARCHICEN000000000088', '987020', 'OPERARIO DE PILADO'),
('ARCHICEN000000000089', '987020', 'OPERARIO DE POLVILLO'),
('ARCHICEN000000000090', '987020', 'OPERARIO DE PRELIMPIA'),
('ARCHICEN000000000091', '987020', 'OPERARIO DE RECEPCIÓN'),
('ARCHICEN000000000092', '987020', 'OPERARIO DE REPROCESO'),
('ARCHICEN000000000093', '987020', 'OPERARIO DE SANEAMIENTO'),
('ARCHICEN000000000094', '987020', 'OPERARIO DE SECADO'),
('ARCHICEN000000000095', '987020', 'OPERARIO PILADO'),
('ARCHICEN000000000096', '987020', 'PREVENCIONISTA DE SEGURIDAD Y SALUD EN EL TRABAJO'),
('ARCHICEN000000000097', '987020', 'RESPONSABLE DE ALMACEN DE PRODUCTO TERMINADO'),
('ARCHICEN000000000098', '987020', 'RESPONSABLE DE ALMACEN DE SUMINISTROS'),
('ARCHICEN000000000099', '987020', 'RESPONSABLE DE BALANZA'),
('ARCHICEN000000000100', '987020', 'RESPONSABLE DE DESPACHO ZONA RIOJA'),
('ARCHICEN000000000101', '987020', 'RESPONSABLE DE EMBOLSADO'),
('ARCHICEN000000000102', '987020', 'RESPONSABLE DE LOGISTICA'),
('ARCHICEN000000000103', '987020', 'RESPONSABLE DE MANTENIMIENTO'),
('ARCHICEN000000000104', '987020', 'RESPONSABLE DE PRODUCTOS TERMINADO'),
('ARCHICEN000000000105', '987020', 'RESPONSABLE DE RECEPCION'),
('ARCHICEN000000000106', '987020', 'RESPONSABLE DE SECADO'),
('ARCHICEN000000000107', '987020', 'RESPONSABLE DE SECADO Y COMPACTADO'),
('ARCHICEN000000000108', '987020', 'SUPERVISOR DE  RESGUARDO'),
('ARCHICEN000000000109', '987020', 'SUPERVISOR DE ASEGURAMIENTO DE LA CALIDAD'),
('ARCHICEN000000000110', '987020', 'SUPERVISOR DE AUTOSERVICIO'),
('ARCHICEN000000000111', '987020', 'SUPERVISOR DE AUTOSERVICIOS '),
('ARCHICEN000000000112', '987020', 'SUPERVISOR DE COMPRAS'),
('ARCHICEN000000000113', '987020', 'SUPERVISOR DE CONTROL ADMINISTRATIVO'),
('ARCHICEN000000000114', '987020', 'SUPERVISOR DE FLOTA'),
('ARCHICEN000000000115', '987020', 'SUPERVISOR DE PLANTA'),
('ARCHICEN000000000116', '987020', 'SUPERVISOR DE PRODUCCIÓN'),
('ARCHICEN000000000117', '987020', 'SUPERVISOR DE RESGUARDO'),
('ARCHICEN000000000118', '987020', 'SUPERVISOR DE SEGURIDAD Y SALUD EN EL TRABAJO'),
('ARCHICEN000000000119', '987020', 'SUPERVISORA DE AUTOSERVICIO'),
('ARCHICEN000000000120', '987020', 'VENDEDOR'),
('ARCHICEN000000000121', '987020', 'VENDEDOR CANAL MAYORISTA'),
('ARCHICEN000000000122', '987020', 'VIGILANTE');

GO

--GERENCIAS

INSERT INTO gerencias (id, nombre) VALUES
('ARCHICEN000000000001', 'AUDITORIA'),
('ARCHICEN000000000002', 'DIRECTORIO'),
('ARCHICEN000000000003', 'GERENCIA DE ACOPIO'),
('ARCHICEN000000000004', 'GERENCIA DE FINANZAS Y ADMINISTRACION'),
('ARCHICEN000000000005', 'GERENCIA DE PRODUCCION'),
('ARCHICEN000000000006', 'GERENCIA DE SISTEMAS'),
('ARCHICEN000000000007', 'GERENCIA DE VENTAS'),
('ARCHICEN000000000008', 'GERENCIA GENERAL'),
('ARCHICEN000000000009', 'GERENCIA OPERACIONES LIMA');

--PERIODICIDAD (VERIFICAR QUE PERIODICIDAD SE RELACIONA CON EL TIPO DE PAGOS)

GO
INSERT INTO periodicidads (id, descripcion) VALUES
('ARCHICEN000000000001', 'MENSUAL'),
('ARCHICEN000000000002', 'QUINCENAL'),
('ARCHICEN000000000003', 'SEMANAL'),
('ARCHICEN000000000004', 'DIARIA'),
('ARCHICEN000000000005', 'OTROS');

--TIPO DE PAGOS
GO
INSERT INTO tipopagos(id, descripcion) VALUES
('ARCHICEN000000000001', 'EFECTIVO'),
('ARCHICEN000000000002', 'DEPÓSITO EN CUENTA'),
('ARCHICEN000000000003', 'OTROS');

--TIPO DE CONTRATO (VERIFICAR SI EXISTE RELACION ENTRE TIPO DE PAGOS Y TIPO DE CONTRATO)
GO
INSERT INTO tipocontratos(id, codigo, descripcion, descripcionabreviada) VALUES
('ARCHICEN000000000001', '01', 'A PLAZO INDETERMINADO - D.LEG. 728',	'A PLAZO INDET - D.LEG. 728'),
('ARCHICEN000000000002', '02', 'A TIEMPO PARCIAL',	'A TIEMPO PARCIAL'),
('ARCHICEN000000000003', '03', 'POR INICIO O INCREMENTO DE ACTIVIDAD',	'POR INICIO O INCREM DE ACTIV'),
('ARCHICEN000000000004', '04', 'POR NECESIDADES DEL MERCADO',	'POR NECES DEL MERCADO'),
('ARCHICEN000000000005', '05', 'POR RECONVERSIÓN EMPRESARIAL',	'POR RECONV EMPRESARIAL'),
('ARCHICEN000000000006', '06', 'OCASIONAL',	'OCASIONAL'),
('ARCHICEN000000000007', '07', 'DE SUPLENCIA',	'DE SUPLENCIA'),
('ARCHICEN000000000008', '08', 'DE EMERGENCIA',	'DE EMERGENCIA'),
('ARCHICEN000000000009', '09', 'PARA OBRA DETERMINADA O SERVICIO ESPECÍFICO',	'OBRA DETERM O SERV ESPEC'),
('ARCHICEN000000000010', '10', 'INTERMITENTE',	'INTERMITENTE'),
('ARCHICEN000000000011', '11', 'DE TEMPORADA',	'DE TEMPORADA'),
('ARCHICEN000000000012', '12', 'DE EXPORTACIÓN NO TRADICIONAL D.LEY 22342',	'DE EXPORT. NO TRADIC.'),
('ARCHICEN000000000013', '13', 'DE EXTRANJERO - D.LEG.689',	'DE EXTRANJERO - D.LEG. 689'),
('ARCHICEN000000000014', '14', 'ADMINISTRATIVO DE SERVICIOS - D.LEG 1057 (1)',	'CAS  - D.LEG 1057'),
('ARCHICEN000000000015', '15', 'NOMBRADO - D.LEG. N.° 276 (1)',	'NOMBRADO - D.LEG. N.° 276 (1)'),
('ARCHICEN000000000016', '16', 'SERVICIOS PERSONALES  - APLICABLES A LOS REGÍM. DE CARRERA (1)',	'SERV. PERS  - REGÍM. DE CARRERA (1)'),
('ARCHICEN000000000017', '17', 'GERENTE PÚBLICO - D.LEG. 1024 (1)',	'GERENTE PÚBLICO - DL 1024'),
('ARCHICEN000000000018', '18', 'A DOMICILIO',	'A DOMICILIO'),
('ARCHICEN000000000019', '19', 'FUTBOLISTAS PROFESIONALES',	'FUTBOLISTAS PROFESIONALES'),
('ARCHICEN000000000020', '20', 'AGRARIO - LEY 27360',	'AGRARIO - LEY 27360'),
('ARCHICEN000000000021', '21', 'MIGRANTE ANDINO DECISIÓN 545',	'MIGRANTE ANDINO '),
('ARCHICEN000000000022', '22', 'A PLAZO INDETERMINADO - LEY 30057',	'A PLAZO INDETERMINADO - LEY 30057'),
('ARCHICEN000000000023', '23', 'A PLAZO FIJO - LEY 30057',	'A PLAZO FIJO - LEY 30057'),
('ARCHICEN000000000024', '24', 'NOMBRADO - CARRERAS ESPECIALES DEL SECTOR PÚBLICO',	'NOMBRADO CARRERAS ESPECIALES'),
('ARCHICEN000000000025', '25', 'CONTRATADO - CARRERAS ESPECIALES DEL SECTOR PÚBLICO', '	CONTRATADO CARRERAS ESPECIALES'),
('ARCHICEN000000000026', '99', 'OTROS NO PREVISTOS',	'OTROS NO PREVISTOS');

-- REGIMEN INSTITUCIONES 
GO
INSERT INTO regimeninstituciones(id, codigo, nombre) VALUES
('ARCHICEN000000000001', '1', 'Pública'), 
('ARCHICEN000000000002', '2', 'Privada'); 
GO

--TIPO DE INSTITUCIONES 
GO
INSERT INTO tipoinstituciones(id, codigo, nombre, regimeninstitucion_id) VALUES
('ARCHICEN000000000001', '4', 'INSTITUTOS DE EDUCACIÓN SUPERIOR TECNOLÓGICA (IEST)', 'ARCHICEN000000000001'), --1 
('ARCHICEN000000000002', '4', 'INSTITUTOS DE EDUCACIÓN SUPERIOR TECNOLÓGICA (IEST)', 'ARCHICEN000000000002'), -- 2
('ARCHICEN000000000003', '5', 'INSTITUTO SUPERIOR PEDAGÓGICO' , 'ARCHICEN000000000001'), --1
('ARCHICEN000000000004', '5', 'INSTITUTO SUPERIOR PEDAGÓGICO' , 'ARCHICEN000000000002'), -- 2
('ARCHICEN000000000005', '6', 'UNIVERSIDAD' , 'ARCHICEN000000000001'), --1 
('ARCHICEN000000000006', '6', 'UNIVERSIDAD', 'ARCHICEN000000000002'), -- 2 
('ARCHICEN000000000007', '7', 'EDUCACIÓN SUPERIOR DE FORMACIÓN ARTÍSTICA' , 'ARCHICEN000000000001'), --1 y 2
('ARCHICEN000000000008', '7', 'EDUCACIÓN SUPERIOR DE FORMACIÓN ARTÍSTICA', 'ARCHICEN000000000002'), --1 y 2
('ARCHICEN000000000009', '8', 'ESCUELAS E INSTITUTOS DE EDUCACIÓN SUPERIOR TECNOLÓGICOS DE LAS FUERZAS ARMADAS Y POLICIALES' , 'ARCHICEN000000000001'), --1 
('ARCHICEN000000000011', '9', 'NO ESPECIFICADO (1)' , 'ARCHICEN000000000001'), -- 1
('ARCHICEN000000000012', '9', 'NO ESPECIFICADO (1)', 'ARCHICEN000000000002'); --  2
GO 

-- INSTITUCIONES 
INSERT INTO instituciones(id, codigo, nombre, tipoinstitucion_id) VALUES

	--PUBLICA IEST
('ARCHICEN000000000001', '141138270', '24 DE JULIO DE ZARUMILLA', 'ARCHICEN000000000001'), 
('ARCHICEN000000000002', '140591941', '4 DE JUNIO DE 1821', 'ARCHICEN000000000001'), 
('ARCHICEN000000000003', '141102763', '9 DE MAYO', 'ARCHICEN000000000001'), 
('ARCHICEN000000000004', '141102763', 'ABANCAY', 'ARCHICEN000000000001'), 
('ARCHICEN000000000005', '141025279', 'ACORA', 'ARCHICEN000000000001'), 
('ARCHICEN000000000006', '140567313', 'ADOLFO VIENRICH', 'ARCHICEN000000000001'), 
('ARCHICEN000000000007', '140729533', 'AGUSTIN HAYA DE LA TORRE', 'ARCHICEN000000000001'), 
('ARCHICEN000000000008', '140681601', 'AIJA', 'ARCHICEN000000000001'), 
('ARCHICEN000000000009', '141160159', 'ALBERTO PUMAYALLA DIAZ ', 'ARCHICEN000000000001'), 
('ARCHICEN000000000010', '141160175', 'ALEXANDER VON HUMBOLDT', 'ARCHICEN000000000001'), 
('ARCHICEN000000000011', '140636050', 'ALFRED NOBEL ', 'ARCHICEN000000000001'), 
('ARCHICEN000000000012', '140815118', 'ALFREDO JOSE MARIA ROCHA ZEGARRA', 'ARCHICEN000000000001'), 
('ARCHICEN000000000013', '141327253', 'ALFREDO SARMIENTO PALOMINO ', 'ARCHICEN000000000001'), 
('ARCHICEN000000000014', '141257369', 'ALIANZA RENOVADA ICHUÑA BELGICA', 'ARCHICEN000000000001'), 
('ARCHICEN000000000015', '140635995', 'ALMIRANTE MIGUEL GRAU', 'ARCHICEN000000000001'),

	--PUBLICA DE INSTITUTO SUPERIOR PEDAGÓGICO
('ARCHICEN000000000016', '141138270', '13 DE JULIO DE 1882', 'ARCHICEN000000000003'), 
('ARCHICEN000000000017', '141138270', 'ACOLLA', 'ARCHICEN000000000003'), 
('ARCHICEN000000000018', '141138270', 'ACOMAYO', 'ARCHICEN000000000003'),

	--PUBLICA UNIVERSIDAD
('ARCHICEN000000000019', '141138270', 'UNIVERSIDAD NACIONAL AGRARIA DE LA SELVA', 'ARCHICEN000000000005'), 
('ARCHICEN000000000020', '141138270', 'UNIVERSIDAD NACIONAL AGRARIA LA MOLINA', 'ARCHICEN000000000005'), 
('ARCHICEN000000000021', '141138270', 'UNIVERSIDAD NACIONAL AMAZÓNICA DE MADRE DE DIOS', 'ARCHICEN000000000005'),

	--PUBLICA EDUCACIÓN SUPERIOR DE FORMACIÓN ARTÍSTICA
('ARCHICEN000000000022', '141138270', 'ACAD. MUSICA Y DANZAS', 'ARCHICEN000000000007'), 
('ARCHICEN000000000023', '141138270', 'ARTE DRAMÁTICO “GUILLERMO UGARTE CHAMORRO”', 'ARCHICEN000000000007'), 
('ARCHICEN000000000024', '141138270', 'BELLAS ARTES  “DIEGO QUISPE TITO” CALCA', 'ARCHICEN000000000007'),

	--PUBLICA FUERZAS ARMADAS Y POLICIALES
('ARCHICEN000000000025', '141138270', 'ESCUELA DE OFICIALES DE LA POLICÍA NACIONAL DEL PERÚ', 'ARCHICEN000000000009'), 
('ARCHICEN000000000026', '141138270', 'ESCUELA MILITAR DEL PERÚ "CORONEL FRANCISCO BOLOGNESI"', 'ARCHICEN000000000009'), 
('ARCHICEN000000000027', '141138270', 'ESCUELA NAVAL DEL PERÚ', 'ARCHICEN000000000009'),

	--PUBLICA NO ESPECIFICADO
('ARCHICEN000000000028', '141138270', 'INSTITUCIÓN NO ESPECIFICADA', 'ARCHICEN000000000011'), 

	--PRIVADA IEST
('ARCHICEN000000000029', '141138270', 'ABACO - AREQUIPA', 'ARCHICEN000000000002'), 
('ARCHICEN000000000030', '140591941', 'ABACO - CHICLAYO', 'ARCHICEN000000000002'), 
('ARCHICEN000000000031', '141102763', 'ABACO - CUSCO', 'ARCHICEN000000000002'),

	--PRIVADA DE INSTITUTO SUPERIOR PEDAGÓGICO
('ARCHICEN000000000032', '141138270', 'ABRAHAM VALDELOMAR', 'ARCHICEN000000000004'), 
('ARCHICEN000000000033', '141138270', 'ADA A. BYRON', 'ARCHICEN000000000004'),
('ARCHICEN000000000034', '141138270', 'ALEXANDER FLEMING', 'ARCHICEN000000000004'), 

	--PRIVADA UNIVERSIDAD
('ARCHICEN000000000035', '141138270', 'ASOCIACIÓN UNIVERSIDAD PRIVADA SAN JUAN BAUTISTA', 'ARCHICEN000000000006'), 
('ARCHICEN000000000036', '141138270', 'FACULTAD DE TEOLOGÍA PONTIFICIA Y CIVIL DE LIMA', 'ARCHICEN000000000006'), 
('ARCHICEN000000000037', '141138270', 'PONTIFICIA UNIVERSIDAD CATÓLICA DEL PERÚ', 'ARCHICEN000000000006'),

	--PRIVADA EDUCACIÓN SUPERIOR DE FORMACIÓN ARTÍSTICA
('ARCHICEN000000000038', '141138270', 'ANTONIO RUIZ DE MONTOYA', 'ARCHICEN000000000008'), 
('ARCHICEN000000000039', '141138270', 'ARTE NEGOCIOS Y TECNOLOGIA', 'ARCHICEN000000000008'), 
('ARCHICEN000000000040', '141138270', 'CORRIENTE ALTERNA', 'ARCHICEN000000000008'), 

	--PRIVADA NO ESPECIFICADO
('ARCHICEN000000000041', '141138270', 'INSTITUCIÓN NO ESPECIFICADA', 'ARCHICEN000000000012');
GO

--CARRERAS

GO
INSERT INTO carreras(id, codigo, nombre, institucion_id) VALUES
	--PUBLICA - IEST 
('ARCHICEN000000000001', '141138270', 'MECÁNICA AUTOMOTRIZ', 'ARCHICEN000000000001'), 
('ARCHICEN000000000002', '140591941', 'ENFERMERÍA TÉCNICA',	'ARCHICEN000000000001'), 
('ARCHICEN000000000003', '141138270', 'PRODUCCIÓN AGROPECUARIA ', 'ARCHICEN000000000002'), 
('ARCHICEN000000000004', '140591941', 'CONTABILIDAD',	'ARCHICEN000000000002'), 
('ARCHICEN000000000005', '141138270', ' MECÁNICA AGRÍCOLA ', 'ARCHICEN000000000003'), 
('ARCHICEN000000000006', '140591941', ' DISEÑO DE MODAS',	'ARCHICEN000000000003'), 

	--PUBLICA - INSTITUTO SUPERIOR PEDAGÓGICO
('ARCHICEN000000000007', '141138270', 'EDUCACIÓN EN COMPUTACIÓN E INFORMÁTICA', 'ARCHICEN000000000004'), 
('ARCHICEN000000000008', '140591941', 'EDUCACIÓN PRIMARIA',	'ARCHICEN000000000004'), 
('ARCHICEN000000000009', '141138270', 'MUSICA ', 'ARCHICEN000000000005'), 
('ARCHICEN000000000010', '141138270', 'EDUCACIÓN PRIMARIA ', 'ARCHICEN000000000006'), 

	--PUBLICA UNIVERSIDAD
('ARCHICEN000000000011', '141138270', 'ADMINISTRACIÓN', 'ARCHICEN000000000007'), 
('ARCHICEN000000000012', '141138270', 'ECONOMÍA', 'ARCHICEN000000000007'), 
('ARCHICEN000000000013', '141138270', 'BIOLOGÍA', 'ARCHICEN000000000008'), 
('ARCHICEN000000000014', '141138270', 'ZOOTECNIA', 'ARCHICEN000000000008'), 
('ARCHICEN000000000015', '141138270', 'ECOTURISMO', 'ARCHICEN000000000009'), 
('ARCHICEN000000000016', '141138270', 'CONTABILIDAD Y FINANZAS', 'ARCHICEN000000000009'), 

	--PUBLICA EDUCACIÓN SUPERIOR DE FORMACIÓN ARTÍSTICA
('ARCHICEN000000000017', '141138270', 'DANZA', 'ARCHICEN000000000010'), 
('ARCHICEN000000000018', '141138270', 'ACTUACIÓN', 'ARCHICEN000000000011'), 
('ARCHICEN000000000019', '141138270', 'DISEÑO ESCENOGRÁFICO', 'ARCHICEN000000000011'), 
('ARCHICEN000000000020', '141138270', 'ARTES PLÁSTICAS Y VISUALES', 'ARCHICEN000000000012'), 
('ARCHICEN000000000021', '141138270', 'EDUCACIÓN ARTÍSTICA', 'ARCHICEN000000000012');

GO

--SITUACION ESPECIALES
INSERT INTO situacionespeciales(id, descripcion, descripcionabreviada) VALUES
('ARCHICEN000000000001','NINGUNA',	'NINGUNA'),
('ARCHICEN000000000002','TRABAJADOR DE DIRECCIÓN – PRESENCIAL',	'DIRECCIÓN - PRESENCIAL'),
('ARCHICEN000000000003','TRABAJADOR DE CONFIANZA - PRESENCIAL	','CONFIANZA - PRESENCIAL'),
('ARCHICEN000000000004','TRABAJADOR DE DIRECCIÓN - TELETRABAJO MIXTO',	'DIRECCIÓN - TELETRABAJO MIXTO'),
('ARCHICEN000000000005','TRABAJADOR DE CONFIANZA - TELETRABAJO MIXTO', 'CONFIANZA - TELETRABAJO MIXTO'),
('ARCHICEN000000000006','TRABAJADOR DE DIRECCIÓN - TELETRABAJO COMPLETO',	'DIRECCIÓN - TELETRABAJO COMPLETO'),
('ARCHICEN000000000007','TRABAJADOR DE CONFIANZA - TELETRABAJO COMPLETO',	'CONFIANZA - TELETRABAJO COMPLETO'),
('ARCHICEN000000000008','TELETRABAJO MIXTO',	'TELETRABAJO MIXTO'),
('ARCHICEN000000000009','TELETRABAJO COMPLETO',	'TELETRABAJO COMPLETO');

GO
--ESTADO CIVIL
GO
INSERT INTO estadocivils(id, nombre) VALUES
('ARCHICEN000000000001','Casado'),
('ARCHICEN000000000002','Soltero'),
('ARCHICEN000000000003','Conviviente');
GO
--JORNADA LABORALS

INSERT INTO jornadalaborals(id, descripcion) VALUES
('ARCHICEN000000000001','Máxima'),
('ARCHICEN000000000002','Atípica'),
('ARCHICEN000000000003','Nocturna');
GO
--ENTIDAD FINANCIERA
INSERT INTO entidadfinancieras(id, codigo, entidad) VALUES
('ARCHICEN000000000001', '002',	'BANCO DE CRÉDITO DEL PERÚ'),
('ARCHICEN000000000002', '003',	'INTERBANK'),
('ARCHICEN000000000003', '007',	'CITIBANK DEL PERÚ'),
('ARCHICEN000000000004', '009',	'SCOTIABANK PERÚ'),
('ARCHICEN000000000005', '011',	'BBVA BANCO CONTINENTAL'),
('ARCHICEN000000000006', '018',	'BANCO DE LA NACIÓN'),
('ARCHICEN000000000007', '020',	'BANCO FALABELLA'),
('ARCHICEN000000000008', '023',	'BANCO DE COMERCIO'),
('ARCHICEN000000000009', '035',	'BANCO FINANCIERO DEL PERÚ'),
('ARCHICEN000000000010', '038',	'BANCO INTERAMERICANO DE FINANZAS'),
('ARCHICEN000000000011', '043',	'CREDISCOTIA FINANCIERA'),
('ARCHICEN000000000012', '053',	'BANCO GNB'),
('ARCHICEN000000000013', '056',	'SANTANDER'),
('ARCHICEN000000000014', '057',	'BANCO AZTECA'),
('ARCHICEN000000000015', '058',	'BANCO CENCOSUD'),
('ARCHICEN000000000016', '059',	'BANCO RIPLEY'),
('ARCHICEN000000000017', '060',	'ICBC PERÚ BANK'),
('ARCHICEN000000000018', '070',	'MIBANCO'),
('ARCHICEN000000000019', '200',	'FINANC. CREDINKA'),
('ARCHICEN000000000020', '202',	'FINANC. PROEMPRESA'),
('ARCHICEN000000000021', '204',	'FINANC. CONFIANZA'),
('ARCHICEN000000000022', '206',	'CREDIRAIZ'),
('ARCHICEN000000000023', '208',	'COMPARTAMOS FINANCIERA'),
('ARCHICEN000000000024', '210',	'FINANCIERA QAPAQ'),
('ARCHICEN000000000025', '212',	'FINANCIERA TFC S A'),
('ARCHICEN000000000026', '214',	'FINANCIERA EFECTIVA'),
('ARCHICEN000000000027', '216',	'AMERIKA FINANCIERA'),
('ARCHICEN000000000028', '218',	'FINANCIERA OH!'),
('ARCHICEN000000000029', '800',	'CAJA METROPOLITANA DE LIMA'),
('ARCHICEN000000000030', '802',	'CMAC TRUJILLO'),
('ARCHICEN000000000031', '803',	'CMAC AREQUIPA'),
('ARCHICEN000000000032', '805',	'CMAC SULLANA'),
('ARCHICEN000000000033', '806',	'CMAC CUSCO'),
('ARCHICEN000000000034', '808',	'CMAC HUANCAYO'),
('ARCHICEN000000000035', '813',	'CMAC TACNA'),
('ARCHICEN000000000036', '820',	'CMAC DEL SANTA'),
('ARCHICEN000000000037', '822',	'CMAC ICA'),
('ARCHICEN000000000038', '824',	'CMAC PIURA'),
('ARCHICEN000000000039', '826',	'CMAC MAYNAS'),
('ARCHICEN000000000040', '828',	'CMAC PAITA'),
('ARCHICEN000000000041', '900',	'CRAC SIPAN'),
('ARCHICEN000000000042', '902',	'CRAC DEL CENTRO'),
('ARCHICEN000000000043', '904',	'CRAC INCASUR'),
('ARCHICEN000000000044', '906',	'CRAC PRYMERA'),
('ARCHICEN000000000045', '908',	'CRAC LOS ANDES');
GO

--CODIGO EPS
INSERT INTO codigoeps(id, ruc, descripcion) VALUES
('ARCHICEN000000000001', '20514372251', 'PERSALUD S.A. EPS (1)'),
('ARCHICEN000000000002', '20431115825', 'PACÍFICO S.A. EPS'),
('ARCHICEN000000000003',  '20414955020', 'RÍMAC INTERNACIONAL S.A. EPS'),
('ARCHICEN000000000004', '0', 'SERVICIOS PROPIOS'),
('ARCHICEN000000000005', '20517182673', 'MAPFRE PERU S.A. EPS'),
('ARCHICEN000000000006', '20523470761', 'SANITAS PERU S.A. - EPS '),
('ARCHICEN000000000007', '20601978572', 'EPS, LA POSITIVA S.A. ENTIDAD PRESTADORA DE SALUD ');

--SITUACIONES
INSERT INTO situaciones(id, descripcion, descripcionabreviada) VALUES
('ARCHICEN000000000001', 'BAJA (1)','BAJA'),
('ARCHICEN000000000002', 'ACTIVO O SUBSIDIADO (1)',	'ACTIVO O SUBSIDIADO'),
('ARCHICEN000000000003', 'SIN VÍNCULO LABORAL CON CONCEPTOS PENDIENTE DE LIQUIDAR', ' (2)	SIN VINC. LAB. CON CONC PEND POR LIQUIDAR'),
('ARCHICEN000000000004', 'SUSPENSIÓN PERFECTA DE LABORES (3)',	'SUSPENSIÓN PERFECTA DE LABORES');


--REGIMEN SALUD
INSERT INTO regimensaluds(id, codigo, descripcion, descripcionabreviada) VALUES
('ARCHICEN000000000001', '00',	'ESSALUD REGULAR (Exclusivamente)',	'ESSALUD REGULAR'), 
('ARCHICEN000000000002', '01',	'ESSALUD REGULAR Y EPS/SERV. PROPIOS',	'ESSALUD REGULAR Y EPS/SERV. PROP.'),
('ARCHICEN000000000003', '02',	'ESSALUD TRABAJADORES PESQUEROS',	'ESSALUD TRAB PESQUEROS'),
('ARCHICEN000000000004', '03',	'ESSALUD TRABAJADORES PESQUEROS Y EPS(SERV.PROPIOS)',	'ESSALUD TRAB PESQ Y EPS(SERV.PROP)'),
('ARCHICEN000000000005', '04',	'ESSALUD AGRARIO/ACUÍCOLA',	'ESSALUD AGRARIO/ACUÍCOLA'),
('ARCHICEN000000000006', '05',	'ESSALUD PENSIONISTAS',	'ESSALUD PENSIONISTAS'),
('ARCHICEN000000000007', '20',	'SANIDAD DE FFAA Y POLICIALES (1)',	'SANIDAD FFAA Y POLICIALES (1)'),
('ARCHICEN000000000008', '21',	'SIS – MICROEMPRESA(2)',	'SIS – MICROEMPRESA (2)');

--REGIMEN PENSIONARIO
INSERT INTO regimenpensionarios(id, numero, descripcion, descripcionabreviada,sectorprivado, sectorpublico, otrasentidades) VALUES
('ARCHICEN000000000001', '02',	'DECRETO LEY 19990 - SISTEMA NACIONAL DE PENSIONES - ONP',	'DL 19990 - SIST NAC DE PENS - ONP', 'A', 'A',	'A'),
('ARCHICEN000000000002', '03',	'DECRETO LEY 20530', 	'DECRETO LEY 20530', 'N.A', 'A', 'A'),
('ARCHICEN000000000003', '09',	'CAJA DE BENEFICIOS DE SEGURIDAD SOCIAL DEL PESCADOR',	'CBSSP', 'A', 'NA', 'A'),
('ARCHICEN000000000004', '10',	'CAJA DE PENSIONES MILITAR', 	'CAJA DE PENSIONES MILITAR',  'N.A', 'A', 'N.A'),
('ARCHICEN000000000005', '11',	'CAJA DE PENSIONES POLICIAL	','CAJA DE PENSIONES POLICIAL',	'N.A', 'A', 'N.A'),
('ARCHICEN000000000006', '12',	'OTROS REGIMENES PENSIONARIOS (1)',	'OTROS REGIMENES PENSIONARIOS',	'A', 'A', 'A'),
('ARCHICEN000000000007', '13',	'RÉGIMEN DEL SERVICIO DIPLOMÁTICO DE LA REPÚBLICA',  'REGIMEN DEL SDR', 	'N.A',	'A', 'A'),
('ARCHICEN000000000008', '14',	'LEY 29903 - SISTEMA NACIONAL DE PENSIONES -INDEPENDIENTES', 'LEY 29903 - SNP - INDEPENDIENTE', 'A', 'A',	'A'),
('ARCHICEN000000000009', '15',	'LEY 30003 - RÉGIMEN ESPECIAL DE PENSIONES -PESQUEROS',	'REP - TRAB. PESQUEROS', 'A', 'N.A', 'A'),
('ARCHICEN000000000010', '16',	'LEY 30003 TRANSFERENCIA DIRECTA EX PESC',	'LEY 30003 TDEP', 'N.A',	'A', 'N.A'),
('ARCHICEN000000000011', '21',	'SPP INTEGRA', 'SPP INTEGRA',	'A', 'A', 'A'),
('ARCHICEN000000000012', '22',	'SPP HORIZONTE', 'SPP HORIZONTE', 'A', 'A',	'A'),
('ARCHICEN000000000013', '23',	'SPP PROFUTURO', 'SPP PROFUTURO', 'A',	'A', 'A'),
('ARCHICEN000000000014', '24',	'SPP PRIMA', 'SPP PRIMA', 'A', 'A', 'A'),
('ARCHICEN000000000015', '25',	'SPP HABITAT', 'SPP HABITAT',  'A', 'A', 'A'),
('ARCHICEN000000000016', '98',	'PENDIENTE DE ELECCIÓN DE REGIMEN PENSIONARIO','PEND ELEC REG PENSIONARIO','','',''	),
('ARCHICEN000000000017', '99',	'SIN REGIMEN PENSIONARIO/NO APLICA', 'SIN REG PENSIONARIO/NO APLICA', 'A', 'A', 'A');

--SITUACIONEDUCATIVA
INSERT INTO situacioneducativas(id, descripcion, descripcionabreviada) VALUES
('ARCHICEN000000000001', 'SIN EDUCACIÓN FORMAL', 'SIN EDUCACIÓN FORMAL'),
('ARCHICEN000000000002', 'EDUCACIÓN ESPECIAL INCOMPLETA', 'ESPECIAL INCOMPLETA'),
('ARCHICEN000000000003', 'EDUCACIÓN ESPECIAL COMPLETA', 'ESPECIAL COMPLETA'),
('ARCHICEN000000000004', 'EDUCACIÓN PRIMARIA INCOMPLETA', 'PRIMARIA INCOMPLETA'),
('ARCHICEN000000000005', 'EDUCACIÓN PRIMARIA COMPLETA', 'PRIMARIA COMPLETA'),
('ARCHICEN000000000006', 'EDUCACIÓN SECUNDARIA INCOMPLETA', 'SECUNDARIA INCOMPLETA'),
('ARCHICEN000000000007', 'EDUCACIÓN SECUNDARIA COMPLETA', 'SECUNDARIA COMPLETA'),
('ARCHICEN000000000008', 'EDUCACIÓN TÉCNICA INCOMPLETA (2)', 'TÉCNICA INCOMPLETA'),
('ARCHICEN000000000009', 'EDUCACIÓN TÉCNICA COMPLETA (2)', 'TÉCNICA COMPLETA'),
('ARCHICEN000000000010', 'EDUCACIÓN SUPERIOR (INSTITUTO SUPERIOR, ETC) INCOMPLETA (3)', 'SUPERIOR INCOMPLETA (INSTIT. SUPER)'),
('ARCHICEN000000000011', 'EDUCACIÓN SUPERIOR (INSTITUTO SUPERIOR, ETC) COMPLETA  (3)', 'SUPERIOR COMPLETA  (INSTIT SUPER)'),
('ARCHICEN000000000012', 'EDUCACIÓN UNIVERSITARIA INCOMPLETA  (4)', 'UNIVERSITARIA INCOMPLETA'),
('ARCHICEN000000000013', 'EDUCACIÓN UNIVERSITARIA COMPLETA (4)', 'UNIVERSITARIA COMPLETA'),
('ARCHICEN000000000014', 'GRADO DE BACHILLER', 'GRADO DE BACHILLER'),
('ARCHICEN000000000015', 'TITULADO', 'TITULADO'),
('ARCHICEN000000000016', 'ESTUDIOS DE MAESTRÍA COMPLETA', 'ESTUD. MAESTRÍA COMPLETA'),
('ARCHICEN000000000017', 'GRADO DE MAESTRÍA', 'GRADO DE MAESTRÍA'),
('ARCHICEN000000000018', 'ESTUDIOS DE DOCTORADO INCOMPLETO', 'ESTUD. DOCTORADO INCOMPLETO'),
('ARCHICEN000000000019', 'ESTUDIOS DE DOCTORADO COMPLETO', 'ESTUD. DOCTORADO COMPLETO'),
('ARCHICEN000000000020', 'GRADO DE DOCTOR', 'GRADO DE DOCTOR');
GO

--REGIMEN LABORAL
INSERT INTO regimenlaborales(id, descripcion, descripcionabreviada) VALUES
('ARCHICEN000000000001', 'PRIVADO GENERAL -DECRETO LEGISLATIVO N.° 728', 'D LEG N.° 728'),
('ARCHICEN000000000002', 'MICROEMPRESA D. LEG. 1086 (1)', 'MICROEMPRESA'),
('ARCHICEN000000000003', 'PEQUEÑA EMPRESA D. LEG. 1086 (1)', 'PEQUEÑA EMPRESA');

--('ARCHICEN000000000001', 'Público'),
--('ARCHICEN000000000002', 'Privado');

--CATEGORIA OCUPACIONAL
INSERT INTO categoriaocupacionales(id, codigo, descripcion, sectorpublico, sectorprivado , otrasentidades) VALUES
('ARCHICEN000000000001', '01',  'EJECUTIVO','A','N.A','A'),
('ARCHICEN000000000002', '02', 'OBRERO',	'A','N.A','A'),
('ARCHICEN000000000003', '03', 'EMPLEADO', 'A', 'N.A','A'),
('ARCHICEN000000000004', '11', 'FUNCIONARIO', 'N.A', 'A','A'),
('ARCHICEN000000000005', '12', 'PROFESIONAL',	'N.A','	A','A'),
('ARCHICEN000000000006', '13', 'TÉCNICO',	'N.A','A','A'),
('ARCHICEN000000000007', '14', 'AUXILIAR', 'N.A','	A','A'),
('ARCHICEN000000000008', '21', 'FUNCIONARIO PÚBLICO - LEY 30057',	'N.A','	A','A'),
('ARCHICEN000000000009', '22', 'DIRECTIVO PÚBLICO - LEY 30057',	'N.A','	A','A'),
('ARCHICEN000000000010', '23', 'SERVIDOR CIVIL DE CARRERA - LEY 30057', 'N.A','A','A'),
('ARCHICEN000000000011', '24','SERVIDOR DE ACTIVIDADES COMPLEMENTARIAS- LEY 30057', 'N.A','A','A');

--OCUPACION
INSERT INTO ocupaciones(id, codigo, descripcion) VALUES
('ARCHICEN000000000001', '987020',	'PEON DE CARGA, AVIONES'),
('ARCHICEN000000000002', '987021',	'PEON DE CARGA, BUQUES'),
('ARCHICEN000000000003', '987022',	'PEON DE CARGA, BUQUES CISTERNA/GASES'),
('ARCHICEN000000000004', '987023',	'PEON DE CARGA, BUQUES CISTERNA/LIQUIDOS'),
('ARCHICEN000000000005', '987024',	'PEON DE CARGA, EMPRESAS DE MUDANZAS'),
('ARCHICEN000000000006', '987025',	'PEON PORTUARIO'),
('ARCHICEN000000000007', '999001',	'OCUPACION NO ESPECIFICADA'),
('ARCHICEN000000000008', '999101',	'PROFESOR QUE EJERCE CARGO JERÁRQUICO'),
('ARCHICEN000000000009', '999102',	'DIRECTOR O JEFE DE GESTIÓN PEDAGÓGICA'),
('ARCHICEN000000000010', '999103',	'ESPECIALISTA EN EDUCACIÓN'),
('ARCHICEN000000000011', '999104',	'SUBDIRECTOR DE INSTITUCIÓN EDUCATIVA'),
('ARCHICEN000000000012', '999105',	'PROFESOR QUE REALIZA FUNCIONES DE FORMACIÓN DOCENTE'),
('ARCHICEN000000000013', '999106',	'PROFESOR QUE REALIZA FUNCIONES DE INNOVACIÓN E INVESTIGACIÓN');

GO

INSERT INTO empresas (id, descripcion, abreviatura, activo) VALUES
('ARCHICEN000000000001', 'INDUSTRIA ARROCERA DE AMERICA S.A.C.','INDUSTRIA ARROCERA DE AMERICA S.A.C.',1);
 GO
INSERT INTO ciudades (id, descripcion, zona, activo) VALUES
('ARCHICEN000000000001 ', 'Lima','Sur',0),
('ARCHICEN000000000002', 'Chiclayo, Lamabyeque, Lambayeque','Norte',1);
GO
INSERT INTO locales (id, identificador, nombre,nombreabreviado, direccion, telefono, fax, email, descripcion, prefijoLocal, activo, ciudad_id, empresa_id) VALUES
('ARCHICEN000000000001','01', 'Lima IND ARROCERA','Lima - SAN ISIDRO','AV. CAMINO REAL NRO. 931 DPTO. 201 LIMA - LIMA - SAN ISIDRO','14574244','252578545','lima_arrocera@induamerica.com.pe', 'Lima IND ARROCERA','ARLIMISI',0,'ARCHICEN000000000001','ARCHICEN000000000001'),
('ARCHICEN000000000002','02', 'Chiclayo IND TRADE','Chiclayo - Lambayeque','CAR.PANAMERICANA NORTE KM. 775LAMBAYEQUE - LAMBAYEQUE - LAMBAYEQUE','41527754','7775124252','Chiclayo@induamerica.com.pe', 'Chiclayo IND TRADE','ARCHICEN',1, 'ARCHICEN000000000002','ARCHICEN000000000001');
GO


INSERT [dbo].[trabajadores] ([id], [dni], [fechanacimiento], [apellidopaterno], [apellidomaterno], [nombres], [sexo], [telefono], [email], [nombrevia], [numerovia], [nombrezona], [referencia], [interior], [remuneracion], [numerocuenta], [discapacidad], [sindicalizado], [departamento_id], [provincia_id], [afiliadoeps], [essaludvida], [senati], [sctrsalud], [sctrpensiones], [domiciliado], [estudiosperu], [cussp], [regimeninstitucion_id], [tipoinstitucion_id], [institucion_id], [añoegreso], [asignacionfamiliar], [rentaquinta], [quintaexonerada], [fechainicio], [fechafin], [activo],[template], [template10], [mar_huella], [mar_dni], [huella_foto],[tiene], [tipodocumento_id], [estadocivil_id], [nacionalidad_id], [tipovia_id], [tipozona_id], [pais_id], [tipotrabajador_id], [motivobaja_id], [tipocontrato_id], [tipopago_id], [periodicidad_id],[area_id], [cargo_id], [jornadalaboral_id], [entidadfinanciera_id], [regimensalud_id], [regimenpensionario_id], [distrito_id], [situacion_id], [codigoeps_id], [situacioneducativa_id], [carrera_id], [regimenlaboral_id], [categoriaocupacional_id], [ocupacion_id], [situacionespecial_id], [local_id], [gerencia_id]) 
VALUES 
(N'ARCHICEN000000000001', '12345678', CAST(0xE2150B00 AS Date), N'Diaz', N'Diaz', N'Joel', 1, N'98565896', N'joel@gmail.com', N'via 1', N'145', N'hghg', N'ghghgh', N'145', 1528, N'14141414141', 0, 0, N'ARCHICEN000000000014', N'ARCHICEN000000000001', 0, 0, 0, 0, 0, 0, 1, N'14141', N'ARCHICEN000000000001', N'ARCHICEN000000000001', N'ARCHICEN000000000005', 2000, 0, 0, 0, CAST(0xA93E0B00 AS Date), CAST(0x4A3F0B00 AS Date), 1,'', '', '','','','No', N'ARCHICEN000000000001', N'ARCHICEN000000000002', N'ARCHICEN000000000020', N'ARCHICEN000000000016', N'ARCHICEN000000000004', N'ARCHICEN000000000020', N'ARCHICEN000000000002', N'ARCHICEN000000000020', N'ARCHICEN000000000002', N'ARCHICEN000000000002', N'ARCHICEN000000000001','ARCHICEN000000000001', N'ARCHICEN000000000001', N'ARCHICEN000000000001', N'ARCHICEN000000000001', N'ARCHICEN000000000002', N'ARCHICEN000000000002', N'ARCHICEN000000000014', N'ARCHICEN000000000002', N'ARCHICEN000000000001', N'ARCHICEN000000000014', N'ARCHICEN000000000009', N'ARCHICEN000000000001', N'ARCHICEN000000000002', N'ARCHICEN000000000001', N'ARCHICEN000000000001', N'ARCHICEN000000000001', N'ARCHICEN000000000001'),
(N'ARCHICEN000000000002', '78945612', CAST(0xD00D0B00 AS Date), N'Castillo', N'Carranza', N'Miriam', 1, N'256325', N'miriam@gmail.com', N'gfgfg', N'5454', N'rtrt', N'ertert', N'5454', 2500, N'1232215', 0, 0, N'ARCHICEN000000000014', N'ARCHICEN000000000001', 0, 0, 0, 0, 0, 0, 1, N'4545', N'ARCHICEN000000000001', N'ARCHICEN000000000001', N'ARCHICEN000000000006', 2000, 0, 0, 0, CAST(0xA93E0B00 AS Date), CAST(0x503F0B00 AS Date), 1,'', '', '','','','No', N'ARCHICEN000000000001', N'ARCHICEN000000000002', N'ARCHICEN000000000020', N'ARCHICEN000000000016', N'ARCHICEN000000000004', N'ARCHICEN000000000020', N'ARCHICEN000000000002', N'ARCHICEN000000000020', N'ARCHICEN000000000002', N'ARCHICEN000000000002', N'ARCHICEN000000000001','ARCHICEN000000000001', N'ARCHICEN000000000001', N'ARCHICEN000000000001', N'ARCHICEN000000000001', N'ARCHICEN000000000002', N'ARCHICEN000000000002', N'ARCHICEN000000000014', N'ARCHICEN000000000002', N'ARCHICEN000000000001', N'ARCHICEN000000000014', N'ARCHICEN000000000009', N'ARCHICEN000000000001', N'ARCHICEN000000000002', N'ARCHICEN000000000001',  N'ARCHICEN000000000001', N'ARCHICEN000000000001', N'ARCHICEN000000000002'),
(N'ARCHICEN000000000003', '23256325', CAST(0xD00D0B00 AS Date), N'Prieto', N'Pizarro', N'Jacinto',1,  N'98565896',N'miriam@gmail.com', N'gfgfg', N'5454', N'rtrt', N'ertert', N'5454', 2500, N'1232215', 0, 0, N'ARCHICEN000000000014', N'ARCHICEN000000000001', 0, 0, 0, 0, 0, 0, 1, N'4545', N'ARCHICEN000000000001', N'ARCHICEN000000000001', N'ARCHICEN000000000006', 2000, 0, 0, 0, CAST(0xA93E0B00 AS Date), CAST(0x503F0B00 AS Date), 1,'', '', '','','','No', N'ARCHICEN000000000001', N'ARCHICEN000000000001', N'ARCHICEN000000000020', N'ARCHICEN000000000015', N'ARCHICEN000000000008', N'ARCHICEN000000000020', N'ARCHICEN000000000002', N'ARCHICEN000000000021', N'ARCHICEN000000000002', N'ARCHICEN000000000002',N'ARCHICEN000000000001', N'ARCHICEN000000000001', N'ARCHICEN000000000001', N'ARCHICEN000000000002', N'ARCHICEN000000000002', N'ARCHICEN000000000002', N'ARCHICEN000000000002', N'ARCHICEN000000000003', N'ARCHICEN000000000002', N'ARCHICEN000000000003', N'ARCHICEN000000000010', N'ARCHICEN000000000010', N'ARCHICEN000000000002', N'ARCHICEN000000000001', N'ARCHICEN000000000002',  N'ARCHICEN000000000006', N'ARCHICEN000000000001', N'ARCHICEN000000000003'),
(N'ARCHICEN000000000004', '20121423', CAST(0xD00D0B00 AS Date), N'Castillo', N'Carranza', N'Miriam',1,  N'256325', N'miriam@gmail.com', N'gfgfg', N'5454', N'rtrt', N'ertert', N'5454', 2500, N'1232215', 0, 0, N'ARCHICEN000000000014', N'ARCHICEN000000000001', 0, 0, 0, 0, 0, 0, 1, N'4545', N'ARCHICEN000000000001', N'ARCHICEN000000000001', N'ARCHICEN000000000006', 2000, 0, 0, 0, CAST(0xA93E0B00 AS Date), CAST(0x503F0B00 AS Date), 1,'', '', '','','','No', N'ARCHICEN000000000001', N'ARCHICEN000000000001', N'ARCHICEN000000000020', N'ARCHICEN000000000015', N'ARCHICEN000000000008', N'ARCHICEN000000000020', N'ARCHICEN000000000002', N'ARCHICEN000000000021', N'ARCHICEN000000000002', N'ARCHICEN000000000002', N'ARCHICEN000000000001', N'ARCHICEN000000000001',  N'ARCHICEN000000000001', N'ARCHICEN000000000002', N'ARCHICEN000000000002', N'ARCHICEN000000000002', N'ARCHICEN000000000002', N'ARCHICEN000000000003', N'ARCHICEN000000000002', N'ARCHICEN000000000003', N'ARCHICEN000000000010', N'ARCHICEN000000000010', N'ARCHICEN000000000002', N'ARCHICEN000000000001', N'ARCHICEN000000000002', N'ARCHICEN000000000006', N'ARCHICEN000000000002', N'ARCHICEN000000000004'),
(N'ARCHICEN000000000005', '20145879', CAST(0xD00D0B00 AS Date), N'Mendoza', N'Castro', N'Jorge',1, N'98565896',N'miriam@gmail.com', N'gfgfg', N'5454', N'rtrt', N'ertert', N'5454', 2500, N'1232215', 0, 0, N'ARCHICEN000000000014', N'ARCHICEN000000000001', 0, 0, 0, 0, 0, 0, 1, N'4545', N'ARCHICEN000000000001', N'ARCHICEN000000000001', N'ARCHICEN000000000006', 2000, 0, 0, 0, CAST(0xA93E0B00 AS Date), CAST(0x503F0B00 AS Date), 1,'', '', '','','','No', N'ARCHICEN000000000001', N'ARCHICEN000000000002', N'ARCHICEN000000000020', N'ARCHICEN000000000016', N'ARCHICEN000000000004', N'ARCHICEN000000000020', N'ARCHICEN000000000002', N'ARCHICEN000000000020', N'ARCHICEN000000000002', N'ARCHICEN000000000002', N'ARCHICEN000000000001','ARCHICEN000000000001', N'ARCHICEN000000000001', N'ARCHICEN000000000001', N'ARCHICEN000000000001', N'ARCHICEN000000000002', N'ARCHICEN000000000002', N'ARCHICEN000000000014', N'ARCHICEN000000000002', N'ARCHICEN000000000001', N'ARCHICEN000000000014', N'ARCHICEN000000000009', N'ARCHICEN000000000001', N'ARCHICEN000000000002', N'ARCHICEN000000000001',  N'ARCHICEN000000000001', N'ARCHICEN000000000002', N'ARCHICEN000000000005'),
(N'ARCHICEN000000000006', '23658965', CAST(0xD00D0B00 AS Date), N'Juarez', N'Lopez', N'Martha',1, N'256325', N'miriam@gmail.com', N'gfgfg', N'5454', N'rtrt', N'ertert', N'5454', 2500, N'1232215', 0, 0, N'ARCHICEN000000000014', N'ARCHICEN000000000001', 0, 0, 0, 0, 0, 0, 1, N'4545', N'ARCHICEN000000000001', N'ARCHICEN000000000001', N'ARCHICEN000000000006', 2000, 0, 0, 0, CAST(0xA93E0B00 AS Date), CAST(0x503F0B00 AS Date), 1,'', '', '','','','No', N'ARCHICEN000000000001', N'ARCHICEN000000000002', N'ARCHICEN000000000020', N'ARCHICEN000000000016', N'ARCHICEN000000000004', N'ARCHICEN000000000020', N'ARCHICEN000000000002', N'ARCHICEN000000000020', N'ARCHICEN000000000002', N'ARCHICEN000000000002', N'ARCHICEN000000000001','ARCHICEN000000000001', N'ARCHICEN000000000001', N'ARCHICEN000000000001', N'ARCHICEN000000000001', N'ARCHICEN000000000002', N'ARCHICEN000000000002', N'ARCHICEN000000000014', N'ARCHICEN000000000002', N'ARCHICEN000000000001', N'ARCHICEN000000000014', N'ARCHICEN000000000009', N'ARCHICEN000000000001', N'ARCHICEN000000000002', N'ARCHICEN000000000001',  N'ARCHICEN000000000001', N'ARCHICEN000000000002', N'ARCHICEN000000000006'),
(N'ARCHICEN000000000007', '32301258', CAST(0xD00D0B00 AS Date), N'Mendez', N'Vallejos', N'Ernestro',1,  N'98585858', N'miriam@gmail.com', N'gfgfg', N'5454', N'rtrt', N'ertert', N'5454', 2500, N'1232215', 0, 0, N'ARCHICEN000000000014', N'ARCHICEN000000000001', 0, 0, 0, 0, 0, 0, 1, N'4545', N'ARCHICEN000000000001', N'ARCHICEN000000000001', N'ARCHICEN000000000006', 2000, 0, 0, 0, CAST(0xA93E0B00 AS Date), CAST(0x503F0B00 AS Date), 1,'', '', '','','','No', N'ARCHICEN000000000001', N'ARCHICEN000000000002', N'ARCHICEN000000000020', N'ARCHICEN000000000016', N'ARCHICEN000000000004', N'ARCHICEN000000000020', N'ARCHICEN000000000002', N'ARCHICEN000000000020', N'ARCHICEN000000000002', N'ARCHICEN000000000002', N'ARCHICEN000000000001','ARCHICEN000000000001', N'ARCHICEN000000000001', N'ARCHICEN000000000001', N'ARCHICEN000000000001', N'ARCHICEN000000000002', N'ARCHICEN000000000002', N'ARCHICEN000000000014', N'ARCHICEN000000000002', N'ARCHICEN000000000001', N'ARCHICEN000000000014', N'ARCHICEN000000000009', N'ARCHICEN000000000001', N'ARCHICEN000000000002', N'ARCHICEN000000000001', N'ARCHICEN000000000001', N'ARCHICEN000000000001', N'ARCHICEN000000000007'),
(N'ARCHICEN000000000008', '70251035', CAST(0xD00D0B00 AS Date), N'Vasquez', N'Vasquez', N'Editha',1,  N'56589658', N'miriam@gmail.com', N'gfgfg', N'5454', N'rtrt', N'ertert', N'5454', 2500, N'1232215', 0, 0, N'ARCHICEN000000000014', N'ARCHICEN000000000001', 0, 0, 0, 0, 0, 0, 1, N'4545', N'ARCHICEN000000000001', N'ARCHICEN000000000001', N'ARCHICEN000000000006', 2000, 0, 0, 0, CAST(0xA93E0B00 AS Date), CAST(0x503F0B00 AS Date), 1,'', '', '','','','No', N'ARCHICEN000000000001', N'ARCHICEN000000000002', N'ARCHICEN000000000020', N'ARCHICEN000000000016', N'ARCHICEN000000000004', N'ARCHICEN000000000020', N'ARCHICEN000000000002', N'ARCHICEN000000000020', N'ARCHICEN000000000002', N'ARCHICEN000000000002', N'ARCHICEN000000000001','ARCHICEN000000000001', N'ARCHICEN000000000001', N'ARCHICEN000000000001', N'ARCHICEN000000000001', N'ARCHICEN000000000002', N'ARCHICEN000000000002', N'ARCHICEN000000000014', N'ARCHICEN000000000002', N'ARCHICEN000000000001', N'ARCHICEN000000000014', N'ARCHICEN000000000009', N'ARCHICEN000000000001', N'ARCHICEN000000000002', N'ARCHICEN000000000001',  N'ARCHICEN000000000001', N'ARCHICEN000000000001', N'ARCHICEN000000000008'),
(N'ARCHICEN000000000009', '80256985', CAST(0xD00D0B00 AS Date), N'Huancas', N'Veliz', N'Julia',1,  N'87878', N'miriam@gmail.com', N'gfgfg', N'5454', N'rtrt', N'ertert', N'5454', 2500, N'1232215', 0, 0, N'ARCHICEN000000000014', N'ARCHICEN000000000001', 0, 0, 0, 0, 0, 0, 1, N'4545', N'ARCHICEN000000000001', N'ARCHICEN000000000001', N'ARCHICEN000000000006', 2000, 0, 0, 0, CAST(0xA93E0B00 AS Date), CAST(0x503F0B00 AS Date), 1,'', '', '','','','No', N'ARCHICEN000000000001', N'ARCHICEN000000000002', N'ARCHICEN000000000020', N'ARCHICEN000000000016', N'ARCHICEN000000000004', N'ARCHICEN000000000020', N'ARCHICEN000000000002', N'ARCHICEN000000000020', N'ARCHICEN000000000002', N'ARCHICEN000000000002', N'ARCHICEN000000000001','ARCHICEN000000000001', N'ARCHICEN000000000001', N'ARCHICEN000000000001', N'ARCHICEN000000000001', N'ARCHICEN000000000002', N'ARCHICEN000000000002', N'ARCHICEN000000000014', N'ARCHICEN000000000002', N'ARCHICEN000000000001', N'ARCHICEN000000000014', N'ARCHICEN000000000009', N'ARCHICEN000000000001', N'ARCHICEN000000000002', N'ARCHICEN000000000001', N'ARCHICEN000000000001', N'ARCHICEN000000000001', N'ARCHICEN000000000009'),
(N'ARCHICEN000000000010', '90325684', CAST(0xD00D0B00 AS Date), N'Ventura', N'Durán', N'Nestor',1, N'98596589', N'miriam@gmail.com', N'gfgfg', N'5454', N'rtrt', N'ertert', N'5454', 2500, N'1232215', 0, 0, N'ARCHICEN000000000014', N'ARCHICEN000000000001', 0, 0, 0, 0, 0, 0, 1, N'4545', N'ARCHICEN000000000001', N'ARCHICEN000000000001', N'ARCHICEN000000000006', 2000, 0, 0, 0, CAST(0xA93E0B00 AS Date), CAST(0x503F0B00 AS Date), 1,'', '', '','','','No', N'ARCHICEN000000000001', N'ARCHICEN000000000002', N'ARCHICEN000000000020', N'ARCHICEN000000000016', N'ARCHICEN000000000004', N'ARCHICEN000000000020', N'ARCHICEN000000000002', N'ARCHICEN000000000020', N'ARCHICEN000000000002', N'ARCHICEN000000000002', N'ARCHICEN000000000001','ARCHICEN000000000001', N'ARCHICEN000000000001', N'ARCHICEN000000000001', N'ARCHICEN000000000001', N'ARCHICEN000000000002', N'ARCHICEN000000000002', N'ARCHICEN000000000014', N'ARCHICEN000000000002', N'ARCHICEN000000000001', N'ARCHICEN000000000014', N'ARCHICEN000000000009', N'ARCHICEN000000000001', N'ARCHICEN000000000002', N'ARCHICEN000000000001',  N'ARCHICEN000000000001', N'ARCHICEN000000000002', N'ARCHICEN000000000001'),
(N'ARCHICEN000000000011', '42151203', CAST(0xD00D0B00 AS Date), N'Ruiz', N'Gonzales', N'Lisbeth',1, N'256325', N'miriam@gmail.com', N'gfgfg', N'5454', N'rtrt', N'ertert', N'5454', 2500, N'1232215', 0, 0, N'ARCHICEN000000000014', N'ARCHICEN000000000001', 0, 0, 0, 0, 0, 0, 1, N'4545', N'ARCHICEN000000000001', N'ARCHICEN000000000001', N'ARCHICEN000000000006', 2000, 0, 0, 0, CAST(0xA93E0B00 AS Date), CAST(0x503F0B00 AS Date), 1,'', '', '','','','No', N'ARCHICEN000000000001', N'ARCHICEN000000000002', N'ARCHICEN000000000020', N'ARCHICEN000000000016', N'ARCHICEN000000000004', N'ARCHICEN000000000020', N'ARCHICEN000000000002', N'ARCHICEN000000000020', N'ARCHICEN000000000002', N'ARCHICEN000000000002', N'ARCHICEN000000000001','ARCHICEN000000000001', N'ARCHICEN000000000001', N'ARCHICEN000000000001', N'ARCHICEN000000000001', N'ARCHICEN000000000002', N'ARCHICEN000000000002', N'ARCHICEN000000000014', N'ARCHICEN000000000002', N'ARCHICEN000000000001', N'ARCHICEN000000000014', N'ARCHICEN000000000009', N'ARCHICEN000000000001', N'ARCHICEN000000000002', N'ARCHICEN000000000001', N'ARCHICEN000000000001', N'ARCHICEN000000000002', N'ARCHICEN000000000002'),
(N'ARCHICEN000000000012', '65487201', CAST(0xD00D0B00 AS Date), N'Martinez', N'Villa', N'Raul',1, N'98565896', N'miriam@gmail.com', N'gfgfg', N'5454', N'rtrt', N'ertert', N'5454', 2500, N'1232215', 0, 0, N'ARCHICEN000000000014', N'ARCHICEN000000000001', 0, 0, 0, 0, 0, 0, 1, N'4545', N'ARCHICEN000000000001', N'ARCHICEN000000000001', N'ARCHICEN000000000006', 2000, 0, 0, 0, CAST(0xA93E0B00 AS Date), CAST(0x503F0B00 AS Date), 1,'', '', '','','','No', N'ARCHICEN000000000001', N'ARCHICEN000000000002', N'ARCHICEN000000000020', N'ARCHICEN000000000016', N'ARCHICEN000000000004', N'ARCHICEN000000000020', N'ARCHICEN000000000002', N'ARCHICEN000000000020', N'ARCHICEN000000000002', N'ARCHICEN000000000002', N'ARCHICEN000000000001','ARCHICEN000000000001', N'ARCHICEN000000000001', N'ARCHICEN000000000001', N'ARCHICEN000000000001', N'ARCHICEN000000000002', N'ARCHICEN000000000002', N'ARCHICEN000000000014', N'ARCHICEN000000000002', N'ARCHICEN000000000001', N'ARCHICEN000000000014', N'ARCHICEN000000000009', N'ARCHICEN000000000001', N'ARCHICEN000000000002', N'ARCHICEN000000000001', N'ARCHICEN000000000001', N'ARCHICEN000000000002', N'ARCHICEN000000000003'),
(N'ARCHICEN000000000013', '36362032', CAST(0xD00D0B00 AS Date), N'Ramirez', N'Bernal', N'Susanine',1, N'98596589', N'miriam@gmail.com', N'gfgfg', N'5454', N'rtrt', N'ertert', N'5454', 2500, N'1232215', 0, 0, N'ARCHICEN000000000014', N'ARCHICEN000000000001', 0, 0, 0, 0, 0, 0, 1, N'4545', N'ARCHICEN000000000001', N'ARCHICEN000000000001', N'ARCHICEN000000000006', 2000, 0, 0, 0, CAST(0xA93E0B00 AS Date), CAST(0x503F0B00 AS Date), 1,'', '', '','','','No', N'ARCHICEN000000000001', N'ARCHICEN000000000002', N'ARCHICEN000000000020', N'ARCHICEN000000000016', N'ARCHICEN000000000004', N'ARCHICEN000000000020', N'ARCHICEN000000000002', N'ARCHICEN000000000020', N'ARCHICEN000000000002', N'ARCHICEN000000000002', N'ARCHICEN000000000001','ARCHICEN000000000001', N'ARCHICEN000000000001', N'ARCHICEN000000000001', N'ARCHICEN000000000001', N'ARCHICEN000000000002', N'ARCHICEN000000000002', N'ARCHICEN000000000014', N'ARCHICEN000000000002', N'ARCHICEN000000000001', N'ARCHICEN000000000014', N'ARCHICEN000000000009', N'ARCHICEN000000000001', N'ARCHICEN000000000002', N'ARCHICEN000000000001',  N'ARCHICEN000000000001', N'ARCHICEN000000000001', N'ARCHICEN000000000004'),
(N'ARCHICEN000000000014', '71014741', CAST(0xD00D0B00 AS Date), N'Martinez', N'Troya', N'Ruberto',1, N'256325', N'miriam@gmail.com', N'gfgfg', N'5454', N'rtrt', N'ertert', N'5454', 2500, N'1232215', 0, 0, N'ARCHICEN000000000014', N'ARCHICEN000000000001', 0, 0, 0, 0, 0, 0, 1, N'4545', N'ARCHICEN000000000001', N'ARCHICEN000000000001', N'ARCHICEN000000000006', 2000, 0, 0, 0, CAST(0xA93E0B00 AS Date), CAST(0x503F0B00 AS Date), 1,'', '', '','','','No', N'ARCHICEN000000000001', N'ARCHICEN000000000002', N'ARCHICEN000000000020', N'ARCHICEN000000000016', N'ARCHICEN000000000004', N'ARCHICEN000000000020', N'ARCHICEN000000000002', N'ARCHICEN000000000020', N'ARCHICEN000000000002', N'ARCHICEN000000000002', N'ARCHICEN000000000001','ARCHICEN000000000001', N'ARCHICEN000000000001', N'ARCHICEN000000000001', N'ARCHICEN000000000001', N'ARCHICEN000000000002', N'ARCHICEN000000000002', N'ARCHICEN000000000014', N'ARCHICEN000000000002', N'ARCHICEN000000000001', N'ARCHICEN000000000014', N'ARCHICEN000000000009', N'ARCHICEN000000000001', N'ARCHICEN000000000002', N'ARCHICEN000000000001',  N'ARCHICEN000000000001', N'ARCHICEN000000000002', N'ARCHICEN000000000005'),
(N'ARCHICEN000000000015', '41021024', CAST(0xD00D0B00 AS Date), N'Jimenez', N'Luran', N'Frank',1, N'98565896', N'miriam@gmail.com', N'gfgfg', N'5454', N'rtrt', N'ertert', N'5454', 2500, N'1232215', 0, 0, N'ARCHICEN000000000014', N'ARCHICEN000000000001', 0, 0, 0, 0, 0, 0, 1, N'4545', N'ARCHICEN000000000001', N'ARCHICEN000000000001', N'ARCHICEN000000000006', 2000, 0, 0, 0, CAST(0xA93E0B00 AS Date), CAST(0x503F0B00 AS Date), 1,'', '', '','','','No', N'ARCHICEN000000000001', N'ARCHICEN000000000002', N'ARCHICEN000000000020', N'ARCHICEN000000000016', N'ARCHICEN000000000004', N'ARCHICEN000000000020', N'ARCHICEN000000000002', N'ARCHICEN000000000020', N'ARCHICEN000000000002', N'ARCHICEN000000000002', N'ARCHICEN000000000001','ARCHICEN000000000001', N'ARCHICEN000000000001', N'ARCHICEN000000000001', N'ARCHICEN000000000001', N'ARCHICEN000000000002', N'ARCHICEN000000000002', N'ARCHICEN000000000014', N'ARCHICEN000000000002', N'ARCHICEN000000000001', N'ARCHICEN000000000014', N'ARCHICEN000000000009', N'ARCHICEN000000000001', N'ARCHICEN000000000002', N'ARCHICEN000000000001', N'ARCHICEN000000000001', N'ARCHICEN000000000001', N'ARCHICEN000000000006');
GO


--TRABAJADORES
GO
/*INSERT INTO trabajadores(id, numero, fechanac, apellidopaterno, apellidomat, nombres, sexo, estadocivil, telefono, email, domiciliado, direccion, 
numerodireccion, interior, nombrezona, referencia, fechaingreso, fechacese, sede, establecimientolabora, regimenlaboral, remuneracionbi, numerocuenta,
discapacidad, sindicalizado, asignacionfamiliar, otrosingresosrqc, afiliadoeps, essaludvida, senati, sctrsalud, sctrpensiones, estudiosperu, añoegreso,rentaqc, tipodoccumentos_id,
tipovias_id, motivobajas_id, nacionalidades_id, tipotrabajador_id, ocupaciontrabajos_id, cargos_id, gerencias_id, tipocontratos_id, regoemituacioneducativas_id, situacions_id, jornadalaborals_id
) VALUES
('ARCHICEN000000000001', '45986154','02/02/1989' ,'ALAYA', 'GOICOCHEA', 'NIXON NICOLAS', '1', 'SOLTERO', '943670366', 'nixon_ag@hotmail.com', '01', 'xx',
 'S/N', 'xx', 'LA UNION', 'xx', '01/01/2017', '', 'RIOJA', 'CRT F. BELAUNDE T. KM.462 EL PORVENIR (PLANTA INDUSTRIAL RIOJA) SAN MARTIN - RIOJA – RIOJA', 
 '1', '1050', '43526522975001', '0', '0','1', '0', '0', '1', '0', '0', '0', 'SI','2011', '0', 'ARCHICEN000000000001', 'ARCHICEN000000000003', 'ARCHICEN000000000099', 'ARCHICEN000000000020', 'ARCHICEN000000000002', 'ARCHICEN000000000003',
 'ARCHICEN000000000001','ARCHICEN000000000001','ARCHICEN000000000003','ARCHICEN000000000001','ARCHICEN000000000008','ARCHICEN000000000003'); --8
 GO*/
 





